pslist.nproc_original,pslist.nppid_original,pslist.avg_threads_original,pslist.nprocs64bit_original,pslist.avg_handlers_original,dlllist.ndlls_original,dlllist.avg_dlls_per_proc_original,handles.nhandles_original,handles.avg_handles_per_proc_original,handles.nport_original,handles.nfile_original,handles.nevent_original,handles.ndesktop_original,handles.nkey_original,handles.nthread_original,handles.ndirectory_original,handles.nsemaphore_original,handles.ntimer_original,handles.nsection_original,handles.nmutant_original,ldrmodules.not_in_load_original,ldrmodules.not_in_init_original,ldrmodules.not_in_mem_original,ldrmodules.not_in_load_avg_original,ldrmodules.not_in_init_avg_original,ldrmodules.not_in_mem_avg_original,malfind.ninjections_original,malfind.commitCharge_original,malfind.protection_original,malfind.uniqueInjections_original,psxview.not_in_pslist_original,psxview.not_in_eprocess_pool_original,psxview.not_in_ethread_pool_original,psxview.not_in_pspcid_list_original,psxview.not_in_csrss_handles_original,psxview.not_in_session_original,psxview.not_in_deskthrd_original,psxview.not_in_pslist_false_avg_original,psxview.not_in_eprocess_pool_false_avg_original,psxview.not_in_ethread_pool_false_avg_original,psxview.not_in_pspcid_list_false_avg_original,psxview.not_in_csrss_handles_false_avg_original,psxview.not_in_session_false_avg_original,psxview.not_in_deskthrd_false_avg_original,modules.nmodules_original,svcscan.nservices_original,svcscan.kernel_drivers_original,svcscan.fs_drivers_original,svcscan.process_services_original,svcscan.shared_process_services_original,svcscan.interactive_process_services_original,svcscan.nactive_original,callbacks.ncallbacks_original,callbacks.nanonymous_original,callbacks.ngeneric_original,pslist.nproc_adversarial,pslist.nppid_adversarial,pslist.avg_threads_adversarial,pslist.nprocs64bit_adversarial,pslist.avg_handlers_adversarial,dlllist.ndlls_adversarial,dlllist.avg_dlls_per_proc_adversarial,handles.nhandles_adversarial,handles.avg_handles_per_proc_adversarial,handles.nport_adversarial,handles.nfile_adversarial,handles.nevent_adversarial,handles.ndesktop_adversarial,handles.nkey_adversarial,handles.nthread_adversarial,handles.ndirectory_adversarial,handles.nsemaphore_adversarial,handles.ntimer_adversarial,handles.nsection_adversarial,handles.nmutant_adversarial,ldrmodules.not_in_load_adversarial,ldrmodules.not_in_init_adversarial,ldrmodules.not_in_mem_adversarial,ldrmodules.not_in_load_avg_adversarial,ldrmodules.not_in_init_avg_adversarial,ldrmodules.not_in_mem_avg_adversarial,malfind.ninjections_adversarial,malfind.commitCharge_adversarial,malfind.protection_adversarial,malfind.uniqueInjections_adversarial,psxview.not_in_pslist_adversarial,psxview.not_in_eprocess_pool_adversarial,psxview.not_in_ethread_pool_adversarial,psxview.not_in_pspcid_list_adversarial,psxview.not_in_csrss_handles_adversarial,psxview.not_in_session_adversarial,psxview.not_in_deskthrd_adversarial,psxview.not_in_pslist_false_avg_adversarial,psxview.not_in_eprocess_pool_false_avg_adversarial,psxview.not_in_ethread_pool_false_avg_adversarial,psxview.not_in_pspcid_list_false_avg_adversarial,psxview.not_in_csrss_handles_false_avg_adversarial,psxview.not_in_session_false_avg_adversarial,psxview.not_in_deskthrd_false_avg_adversarial,modules.nmodules_adversarial,svcscan.nservices_adversarial,svcscan.kernel_drivers_adversarial,svcscan.fs_drivers_adversarial,svcscan.process_services_adversarial,svcscan.shared_process_services_adversarial,svcscan.interactive_process_services_adversarial,svcscan.nactive_adversarial,callbacks.ncallbacks_adversarial,callbacks.nanonymous_adversarial,callbacks.ngeneric_adversarial
44,17,10.56818182,0,205.4772727,1724,39.18181818,9041,205.4772727,0,665,3117,47,733,864,109,682,123,185,269,47,90,47,0.026553672,0.050847458,0.026553672,3,3,18,1.0,2,0,2,2,6,4,8,0.043478261,0.0,0.043478261,0.043478261,0.130434783,0.086956522,0.173913043,138,389,221,26,24,116,0,123,86,0,8,43.438126,16.739973,10.726328,0.0,218.90608,1724.0,39.18182,9041.0,205.47728,0.0,665.0,3117.0,47.0,733.0,864.0,109.0,682.0,123.0,185.0,269.0,47.0,90.0,47.0,0.026553672,0.05084746,0.026553672,1.322326,-650.59814,7.93487,0.7062172,1.7060022,-0.0045715524,2.4274926,1.703115,6.427547,3.8823998,7.5608125,0.03775976,0.00012895298,0.050019197,0.037674148,0.13644557,0.09242289,0.1679114,138.0,389.0,220.80453,25.982864,24.0,116.0,0.0,123.0,85.67117,-0.0022875746,8.0
40,16,10.225,0,210.725,1560,39.0,8430,216.1538462,0,639,2916,42,752,735,97,635,119,180,239,43,81,43,0.027371101,0.051559516,0.027371101,3,3,18,1.0,0,0,1,0,5,2,7,0.0,0.0,0.025,0.0,0.125,0.05,0.175,138,389,221,26,24,116,0,121,86,0,8,39.438126,15.739974,10.383146,0.0,224.15381,1560.0,39.0,8430.0,216.15384,0.0,639.0,2916.0,42.0,752.0,735.0,97.0,635.0,119.0,180.0,239.0,43.0,81.0,43.0,0.027371101,0.051559515,0.027371101,1.322326,-650.59814,7.93487,0.7062172,-0.29399762,-0.0045715524,1.4274927,-0.29688478,5.427547,1.7060001,6.560813,-0.005718497,0.00012895298,0.03154093,-0.005804109,0.13101079,0.055466365,0.16899835,138.0,389.0,220.80453,26.017136,24.0,116.0,0.0,121.0,85.67117,-0.0022875746,8.0
42,16,10.38095238,0,208.6904762,1647,39.21428571,8766,213.804878,0,650,3036,44,703,809,104,658,123,187,267,46,86,46,0.027202839,0.050857481,0.027202839,3,3,18,1.0,1,0,2,1,6,3,8,0.023255814,0.0,0.046511628,0.023255814,0.139534884,0.069767442,0.186046512,138,389,221,26,24,116,0,123,86,0,8,41.438126,15.739974,10.539099,0.0,222.11928,1647.0,39.214287,8766.0,213.80487,0.0,650.0,3036.0,44.0,703.0,809.0,104.0,658.0,123.0,187.0,267.0,46.0,86.0,46.0,0.027202839,0.05085748,0.027202839,1.322326,-650.59814,7.93487,0.7062172,0.7060025,-0.0045715524,2.4274926,0.70311534,6.427547,2.706,7.5608125,0.017537316,0.00012895298,0.053052563,0.01745171,0.14554566,0.0752338,0.18004486,138.0,389.0,220.80453,26.017136,24.0,116.0,0.0,123.0,85.67117,-0.0022875746,8.0
44,17,10.0,0,205.2954545,1718,39.04545455,9034,210.0930233,0,654,3101,46,754,808,108,683,132,199,276,46,88,46,0.026106697,0.049943246,0.026106697,3,3,18,1.0,1,0,2,1,6,3,8,0.022222222,0.0,0.044444444,0.022222222,0.133333333,0.066666667,0.177777778,138,389,221,26,24,116,0,124,86,0,8,43.438126,16.739973,10.158147,0.0,218.72426,1718.0,39.045456,9034.0,210.09302,0.0,654.0,3101.0,46.0,754.0,808.0,108.0,683.0,132.0,199.0,276.0,46.0,88.0,46.0,0.026106697,0.049943246,0.026106697,1.322326,-650.59814,7.93487,0.7062172,0.7060025,-0.0045715524,2.4274926,0.70311534,6.427547,2.706,7.5608125,0.016503725,0.00012895298,0.05098538,0.016418116,0.13934411,0.07213303,0.17177613,138.0,389.0,220.80453,26.017136,24.0,116.0,0.0,124.0,85.67117,-0.0022875746,8.0
44,17,9.681818182,0,203.1590909,1709,38.84090909,8940,207.9069767,0,654,3070,46,754,771,108,680,132,199,276,45,87,45,0.025714286,0.049714286,0.025714286,3,3,18,1.0,0,0,1,0,5,2,7,0.0,0.0,0.022727273,0.0,0.113636364,0.045454545,0.159090909,138,389,221,26,24,116,0,124,86,0,8,43.438126,16.739973,9.839965,0.0,216.58789,1709.0,38.840908,8940.0,207.90698,0.0,654.0,3070.0,46.0,754.0,771.0,108.0,680.0,132.0,199.0,276.0,45.0,87.0,45.0,0.025714286,0.049714286,0.025714286,1.322326,-650.59814,7.93487,0.7062172,-0.29399762,-0.0045715524,1.4274927,-0.29688478,5.427547,1.7060001,6.560813,-0.005718497,0.00012895298,0.029268201,-0.005804109,0.119647145,0.050920907,0.15308927,138.0,389.0,220.80453,26.017136,24.0,116.0,0.0,124.0,85.67117,-0.0022875746,8.0
43,17,9.627906977,0,203.2325581,1660,38.60465116,8740,208.0952381,0,652,3002,45,751,744,106,646,129,196,271,45,86,45,0.026533019,0.050707547,0.026533019,3,3,18,1.0,1,0,2,1,6,3,8,0.022727273,0.0,0.045454545,0.022727273,0.136363636,0.068181818,0.181818182,138,389,221,26,24,116,0,124,86,0,8,42.438126,16.739973,9.786054,0.0,216.66136,1660.0,38.604652,8740.0,208.09525,0.0,652.0,3002.0,45.0,751.0,744.0,106.0,646.0,129.0,196.0,271.0,45.0,86.0,45.0,0.026533019,0.05070755,0.026533019,1.322326,-650.59814,7.93487,0.7062172,0.7060025,-0.0045715524,2.4274926,0.70311534,6.427547,2.706,7.5608125,0.017008776,0.00012895298,0.051995482,0.016923167,0.14237443,0.07364818,0.17581654,138.0,389.0,220.80453,26.017136,24.0,116.0,0.0,124.0,85.67117,-0.0022875746,8.0
42,16,9.714285714,0,204.7142857,1625,38.69047619,8599,209.7317073,0,648,2966,44,744,733,105,638,125,194,266,44,84,44,0.026586103,0.050755287,0.026586103,3,3,18,1.0,2,0,3,2,7,4,9,0.045454545,0.0,0.068181818,0.045454545,0.159090909,0.090909091,0.204545455,138,389,221,26,24,116,0,123,86,0,8,41.438126,15.739974,9.872432,0.0,218.14308,1625.0,38.690475,8599.0,209.7317,0.0,648.0,2966.0,44.0,744.0,733.0,105.0,638.0,125.0,194.0,266.0,44.0,84.0,44.0,0.026586102,0.05075529,0.026586102,1.322326,-650.59814,7.93487,0.7062172,1.7060022,-0.0045715524,3.4274929,1.703115,7.427547,3.7059996,8.560812,0.039736044,0.00012895298,0.07472275,0.039650433,0.16510169,0.09637546,0.1985438,138.0,389.0,220.80453,26.017136,24.0,116.0,0.0,123.0,85.67117,-0.0022875746,8.0
41,16,9.731707317,0,207.7560976,1595,38.90243902,8519,212.975,0,646,2927,43,763,716,103,638,122,194,261,44,83,44,0.027194067,0.051297899,0.027194067,3,3,18,1.0,2,0,3,2,7,4,9,0.046511628,0.0,0.069767442,0.046511628,0.162790698,0.093023256,0.209302326,138,389,221,26,24,116,0,121,86,0,8,40.438126,15.739974,9.8898535,0.0,221.1849,1595.0,38.90244,8519.0,212.975,0.0,646.0,2927.0,43.0,763.0,716.0,103.0,638.0,122.0,194.0,261.0,44.0,83.0,44.0,0.027194068,0.0512979,0.027194068,1.322326,-650.59814,7.93487,0.7062172,1.7060022,-0.0045715524,3.4274929,1.703115,7.427547,3.7059996,8.560812,0.04079313,0.00012895298,0.07630837,0.040707517,0.16880147,0.09848963,0.20330068,138.0,389.0,220.80453,26.017136,24.0,116.0,0.0,121.0,85.67117,-0.0022875746,8.0
40,16,9.9,0,210.025,1557,38.925,8402,215.4358974,0,639,2906,42,752,710,97,635,119,181,239,43,81,43,0.02735369,0.051526718,0.02735369,3,3,18,1.0,1,0,2,1,6,3,8,0.024390244,0.0,0.048780488,0.024390244,0.146341463,0.073170732,0.195121951,138,389,221,26,24,116,0,121,86,0,8,39.438126,15.739974,10.058146,0.0,223.45381,1557.0,38.925,8402.0,215.4359,0.0,639.0,2906.0,42.0,752.0,710.0,97.0,635.0,119.0,181.0,239.0,43.0,81.0,43.0,0.02735369,0.051526718,0.02735369,1.322326,-650.59814,7.93487,0.7062172,0.7060025,-0.0045715524,2.4274926,0.70311534,6.427547,2.706,7.5608125,0.018671747,0.00012895298,0.05532142,0.018586136,0.15235224,0.0786371,0.18912031,138.0,389.0,220.80453,26.017136,24.0,116.0,0.0,121.0,85.67117,-0.0022875746,8.0
40,16,10.275,0,211.1,1560,39.0,8445,216.5384615,0,642,2920,42,752,738,97,635,119,181,239,43,81,43,0.02735369,0.051526718,0.02735369,3,3,18,1.0,0,0,1,0,5,2,7,0.0,0.0,0.025,0.0,0.125,0.05,0.175,138,389,221,26,24,116,0,121,86,0,8,39.438126,15.739974,10.433146,0.0,224.52881,1560.0,39.0,8445.0,216.53847,0.0,642.0,2920.0,42.0,752.0,738.0,97.0,635.0,119.0,181.0,239.0,43.0,81.0,43.0,0.02735369,0.051526718,0.02735369,1.322326,-650.59814,7.93487,0.7062172,-0.29399762,-0.0045715524,1.4274927,-0.29688478,5.427547,1.7060001,6.560813,-0.005718497,0.00012895298,0.03154093,-0.005804109,0.13101079,0.055466365,0.16899835,138.0,389.0,220.80453,26.017136,24.0,116.0,0.0,121.0,85.67117,-0.0022875746,8.0
39,15,11.35897436,0,221.2820513,1566,40.15384615,8630,221.2820513,0,643,3010,42,660,831,99,640,120,178,260,47,85,47,0.029156328,0.052729529,0.029156328,3,3,18,1.0,5,0,5,5,9,7,11,0.113636364,0.0,0.113636364,0.113636364,0.204545455,0.159090909,0.25,138,389,221,26,24,116,0,122,87,0,8,38.77525,14.739974,11.517121,0.0,234.71086,1566.0,40.153847,8630.0,221.28206,0.0,643.0,3010.0,42.0,660.0,831.0,99.0,640.0,120.0,178.0,260.0,47.0,85.0,47.0,0.029156327,0.05272953,0.029156327,1.322326,-650.59814,7.93487,0.7062172,4.7060027,-0.0045715524,5.427492,4.7031155,9.4275465,6.7060003,10.560813,0.10791786,0.00012895298,0.12017729,0.10783225,0.21055624,0.16455728,0.24399836,138.0,389.0,220.80453,26.017136,24.0,116.0,0.0,122.0,86.67117,-0.0022875746,8.0
37,15,10.08108108,0,215.4324324,1449,39.16216216,7971,215.4324324,0,629,2818,40,673,661,92,596,113,162,231,44,80,44,0.030095759,0.054719562,0.030095759,3,3,18,1.0,0,0,0,0,4,2,6,0.0,0.0,0.0,0.0,0.108108108,0.054054054,0.162162162,138,389,221,26,24,116,0,119,87,0,8,36.662876,14.739974,10.239227,0.0,228.86124,1449.0,39.162163,7971.0,215.43243,0.0,629.0,2818.0,40.0,673.0,661.0,92.0,596.0,113.0,162.0,231.0,44.0,80.0,44.0,0.03009576,0.054719564,0.03009576,1.322326,-650.59814,7.93487,0.7062172,-0.29399762,-0.0045715524,0.42749238,-0.29688478,4.4275465,1.7060001,5.560813,-0.005718497,0.00012895298,0.006540931,-0.005804109,0.11411888,0.059520416,0.15616052,138.0,389.0,220.80453,26.017136,24.0,116.0,0.0,119.0,86.67117,-0.0022875746,8.0
39,15,10.69230769,0,218.1282051,1555,39.87179487,8507,218.1282051,0,643,2973,42,660,778,99,634,120,178,260,47,85,47,0.029356652,0.053091818,0.029356652,3,3,18,1.0,3,0,3,3,7,5,9,0.071428571,0.0,0.071428571,0.071428571,0.166666667,0.119047619,0.214285714,138,389,221,26,24,116,0,122,87,0,8,38.662876,14.739974,10.850454,0.0,231.557,1555.0,39.871796,8507.0,218.1282,0.0,643.0,2973.0,42.0,660.0,778.0,99.0,634.0,120.0,178.0,260.0,47.0,85.0,47.0,0.029356653,0.053091817,0.029356653,1.322326,-650.59814,7.93487,0.7062172,2.7060025,-0.0045715524,3.4274929,2.7031152,7.427547,4.706,8.560812,0.065710075,0.00012895298,0.0779695,0.06562447,0.17267744,0.12451398,0.20828407,138.0,389.0,220.80453,26.017136,24.0,116.0,0.0,122.0,86.67117,-0.0022875746,8.0
41,16,10.19512195,0,211.6829268,1619,39.48780488,8679,211.6829268,0,647,3030,44,675,772,103,645,126,182,268,47,87,47,0.028228228,0.052252252,0.028228228,3,3,18,1.0,3,0,3,3,7,5,9,0.068181818,0.0,0.068181818,0.068181818,0.159090909,0.113636364,0.204545455,138,389,221,26,24,116,0,122,87,0,8,40.887627,15.739974,10.353269,0.0,225.11174,1619.0,39.487804,8679.0,211.68292,0.0,647.0,3030.0,44.0,675.0,772.0,103.0,645.0,126.0,182.0,268.0,47.0,87.0,47.0,0.028228229,0.05225225,0.028228229,1.322326,-650.59814,7.93487,0.7062172,2.7060025,-0.0045715524,3.4274929,2.7031152,7.427547,4.706,8.560812,0.06246332,0.00012895298,0.07472275,0.06237771,0.16510169,0.11910273,0.1985438,138.0,389.0,220.80453,26.013708,24.0,116.0,0.0,122.0,86.67117,-0.0022875746,8.0
41,16,9.829268293,0,209.0,1610,39.26829268,8569,209.0,0,647,2993,44,675,727,103,642,126,182,268,46,86,46,0.027828191,0.052026618,0.027828191,3,3,18,1.0,2,0,2,2,6,4,8,0.046511628,0.0,0.046511628,0.046511628,0.139534884,0.093023256,0.186046512,138,389,221,26,24,116,0,122,87,0,8,40.662876,15.739974,9.987414,0.0,222.4288,1610.0,39.26829,8569.0,209.0,0.0,647.0,2993.0,44.0,675.0,727.0,103.0,642.0,126.0,182.0,268.0,46.0,86.0,46.0,0.02782819,0.05202662,0.02782819,1.322326,-650.59814,7.93487,0.7062172,1.7060022,-0.0045715524,2.4274926,1.703115,6.427547,3.7059996,7.5608125,0.04079313,0.00012895298,0.053052563,0.040707517,0.14554566,0.09848963,0.18004486,138.0,389.0,220.80453,26.01028,24.0,116.0,0.0,122.0,86.67117,-0.0022875746,8.0
40,16,9.875,0,209.5,1561,39.025,8380,209.5,0,645,2930,43,670,708,101,608,123,179,263,46,85,46,0.02876798,0.053158224,0.02876798,3,3,18,1.0,3,0,3,3,7,5,9,0.069767442,0.0,0.069767442,0.069767442,0.162790698,0.11627907,0.209302326,138,389,221,26,24,116,0,122,87,0,8,40.112373,15.739974,10.033147,0.0,222.9288,1561.0,39.025,8380.0,209.5,0.0,645.0,2930.0,43.0,670.0,708.0,101.0,608.0,123.0,179.0,263.0,46.0,85.0,46.0,0.02876798,0.053158224,0.02876798,1.322326,-650.59814,7.93487,0.7062172,2.764802,-0.0045715524,3.4274929,2.7031152,7.427547,4.706,8.560812,0.064048946,0.00012895298,0.07630837,0.06396333,0.16880147,0.12174543,0.20330068,138.0,389.0,220.80453,26.017136,24.0,116.0,0.0,122.0,86.67117,-0.0022875746,8.0
39,15,10.0,0,211.5384615,1526,39.12820513,8250,211.5384615,0,641,2897,42,665,700,100,600,119,177,258,45,83,45,0.028883184,0.053273427,0.028883184,3,3,18,1.0,4,0,4,4,8,6,10,0.093023256,0.0,0.093023256,0.093023256,0.186046512,0.139534884,0.23255814,138,389,221,26,24,116,0,121,87,0,8,38.5505,14.739974,10.158147,0.0,224.96727,1526.0,39.128204,8250.0,211.53847,0.0,641.0,2897.0,42.0,665.0,700.0,100.0,600.0,119.0,177.0,258.0,45.0,83.0,45.0,0.028883183,0.05327343,0.028883183,1.322326,-650.59814,7.93487,0.7062172,3.7060025,-0.0045715524,4.4274926,3.7031155,8.4275465,5.706,9.560813,0.087304756,0.00012895298,0.09956419,0.08721915,0.19205728,0.14500125,0.2265565,138.0,389.0,220.80453,26.013708,24.0,116.0,0.0,121.0,86.67117,-0.0022875746,8.0
37,15,10.13513514,0,216.2432432,1449,39.16216216,8001,216.2432432,0,628,2822,40,673,666,92,596,113,162,231,44,80,44,0.029931973,0.054421769,0.029931973,3,3,18,1.0,6,0,6,6,10,8,12,0.139534884,0.0,0.139534884,0.139534884,0.23255814,0.186046512,0.279069767,138,389,221,26,24,116,0,119,87,0,8,37.0,14.739974,10.293282,0.0,229.67204,1449.0,39.162163,8001.0,216.24324,0.0,628.0,2822.0,40.0,673.0,666.0,92.0,596.0,113.0,162.0,231.0,44.0,80.0,44.0,0.029931974,0.054421768,0.029931974,1.322326,-650.59814,7.93487,0.7062172,5.706002,-0.0045715524,6.4274926,5.881246,10.4275465,7.706,11.560813,0.13381639,0.00012895298,0.14607581,0.13373078,0.23856892,0.19151287,0.27306813,138.0,389.0,220.80453,26.017136,24.0,116.0,0.0,119.0,86.67117,-0.0022875746,8.0
37,15,10.13513514,0,216.1621622,1449,39.16216216,7998,216.1621622,0,631,2822,40,673,668,92,596,113,163,231,44,80,44,0.030013643,0.054570259,0.030013643,3,3,18,1.0,1,0,1,1,5,3,7,0.026315789,0.0,0.026315789,0.026315789,0.131578947,0.078947368,0.184210526,138,389,221,26,24,116,0,119,87,0,8,36.662876,14.739974,10.293282,0.0,229.59097,1449.0,39.162163,7998.0,216.16216,0.0,631.0,2822.0,40.0,673.0,668.0,92.0,596.0,113.0,163.0,231.0,44.0,80.0,44.0,0.030013643,0.054570258,0.030013643,1.322326,-650.59814,7.93487,0.7062172,0.7060025,-0.0045715524,1.4274927,0.70311534,5.427547,2.706,6.560813,0.020597292,0.00012895298,0.03285672,0.020511681,0.13758974,0.08441374,0.17820887,138.0,389.0,220.80453,26.017136,24.0,116.0,0.0,119.0,86.67117,-0.0022875746,8.0
37,15,10.24324324,0,216.2702703,1449,39.16216216,8002,216.2702703,0,631,2828,40,673,672,92,596,113,162,231,44,80,44,0.030075188,0.05468216,0.030075188,3,3,18,1.0,1,0,1,1,5,3,7,0.026315789,0.0,0.026315789,0.026315789,0.131578947,0.078947368,0.184210526,138,389,221,26,24,116,0,119,87,0,8,36.662876,14.739974,10.40139,0.0,229.69908,1449.0,39.162163,8002.0,216.27026,0.0,631.0,2828.0,40.0,673.0,672.0,92.0,596.0,113.0,162.0,231.0,44.0,80.0,44.0,0.030075189,0.05468216,0.030075189,1.322326,-650.59814,7.93487,0.7062172,0.7060025,-0.0045715524,1.4274927,0.70311534,5.427547,2.706,6.560813,0.020597292,0.00012895298,0.03285672,0.020511681,0.13758974,0.08441374,0.17820887,138.0,389.0,220.80453,26.017136,24.0,116.0,0.0,119.0,86.67117,-0.0022875746,8.0
33,13,12.15151515,0,189.3939394,1194,36.18181818,6250,189.3939394,0,565,1942,34,432,668,84,410,95,90,187,35,67,35,0.028501629,0.054560261,0.028501629,2,2,12,1.0,2,0,2,2,6,4,7,0.057142857,0.0,0.057142857,0.057142857,0.171428571,0.114285714,0.2,137,385,220,26,23,114,0,116,88,0,8,32.438126,12.739974,12.309662,0.0,202.82274,1194.0,36.18182,6250.0,189.39394,0.0,565.0,1942.0,34.0,432.0,668.0,84.0,410.0,95.0,90.0,187.0,35.0,67.0,35.0,0.02850163,0.054560263,0.02850163,0.32232597,-520.8788,1.9348733,0.7062172,1.7060022,-0.0045715524,2.4274926,1.703115,6.427547,3.8823998,6.560813,0.051424354,0.00012895298,0.06368379,0.051338743,0.17743935,0.1186588,0.19399835,137.0,385.0,219.80453,26.017136,23.0,114.0,0.0,116.0,87.67117,-0.0022875746,8.0
37,14,10.08108108,0,211.8378378,1456,39.35135135,7838,211.8378378,0,614,2787,40,657,635,91,546,113,153,235,41,77,41,0.027406417,0.051470588,0.027406417,3,3,18,1.0,0,0,0,0,4,2,5,0.0,0.0,0.0,0.0,0.108108108,0.054054054,0.135135135,138,395,221,26,24,116,0,120,88,0,8,36.438126,13.739974,10.239227,0.0,225.26665,1456.0,39.351353,7838.0,211.83784,0.0,614.0,2787.0,40.0,657.0,635.0,91.0,546.0,113.0,153.0,235.0,41.0,77.0,41.0,0.027406417,0.05147059,0.027406417,1.322326,-650.59814,7.93487,0.7062172,-0.29399762,-0.0045715524,0.42749238,-0.29688478,4.4275465,1.7060001,4.560813,-0.003431098,0.00012895298,0.006540931,-0.005804109,0.11411888,0.059520416,0.1291335,138.0,395.0,220.80453,26.017136,24.0,116.0,0.0,120.0,87.67117,-0.0022875746,8.0
33,13,12.21212121,0,189.8181818,1194,36.18181818,6264,189.8181818,0,568,1949,34,434,669,84,410,95,90,187,36,68,36,0.029292107,0.055329536,0.029292107,2,2,12,1.0,0,0,0,0,4,2,5,0.0,0.0,0.0,0.0,0.121212121,0.060606061,0.151515152,137,392,220,26,23,114,0,116,88,0,8,32.887623,12.739974,12.370268,0.0,203.24698,1194.0,36.18182,6264.0,189.81818,0.0,568.0,1949.0,34.0,434.0,669.0,84.0,410.0,95.0,90.0,187.0,36.0,68.0,36.0,0.029292107,0.055329535,0.029292107,0.32232597,394.15887,1.9348733,0.7062172,0.29399744,-0.0045715524,0.42749238,-0.118753895,4.4275465,2.1176,4.560813,-0.005718497,0.00012895298,0.006540931,-0.005804109,0.1272229,0.06607242,0.1455135,137.0,392.0,219.80453,26.017136,23.0,114.0,0.0,116.0,87.67117,-0.0022875746,8.0
33,13,10.33333333,0,180.6969697,1196,36.24242424,5963,180.6969697,0,557,1875,34,440,548,84,410,95,90,187,36,68,36,0.029244517,0.055239643,0.029244517,2,2,12,1.0,0,0,0,0,4,2,5,0.0,0.0,0.0,0.0,0.121212121,0.060606061,0.151515152,137,392,220,26,23,114,0,116,88,0,8,32.5505,12.739974,10.49148,0.0,194.12576,1196.0,36.242424,5963.0,180.69698,0.0,557.0,1875.0,34.0,440.0,548.0,84.0,410.0,95.0,90.0,187.0,36.0,68.0,36.0,0.029244518,0.055239644,0.029244518,0.32232597,655.5981,1.9348733,0.7062172,0.29399744,-0.0045715524,0.42749238,-0.29688478,4.4275465,2.1764,4.560813,-0.005718497,0.00012895298,0.006540931,-0.005804109,0.1272229,0.06607242,0.1455135,137.0,392.0,219.80453,26.017136,23.0,114.0,0.0,116.0,87.67117,-0.0022875746,8.0
33,13,10.12121212,0,179.5757576,1196,36.24242424,5926,179.5757576,0,556,1861,34,440,528,84,410,95,90,187,36,68,36,0.029244517,0.055239643,0.029244517,2,2,12,1.0,0,0,0,0,4,2,5,0.0,0.0,0.0,0.0,0.121212121,0.060606061,0.151515152,137,390,220,26,23,114,0,116,88,0,8,32.438126,12.739974,10.279359,0.0,193.00456,1196.0,36.242424,5926.0,179.57576,0.0,556.0,1861.0,34.0,440.0,528.0,84.0,410.0,95.0,90.0,187.0,36.0,68.0,36.0,0.029244518,0.055239644,0.029244518,0.32232597,655.5981,1.9348733,0.7062172,0.23519793,-0.0045715524,0.42749238,-0.29688478,4.4275465,1.8824,4.560813,-0.005718497,0.00012895298,0.006540931,-0.005804109,0.1272229,0.06607242,0.1455135,137.0,390.0,219.80453,26.017136,23.0,114.0,0.0,116.0,87.67117,-0.0022875746,8.0
33,13,10.66666667,0,190.3636364,1247,37.78787879,6282,190.3636364,0,564,2042,34,457,576,84,427,95,93,191,38,70,38,0.029595016,0.054517134,0.029595016,2,2,12,1.0,0,0,0,0,4,2,5,0.0,0.0,0.0,0.0,0.121212121,0.060606061,0.151515152,137,383,219,26,21,110,0,115,88,0,8,32.438126,12.739974,10.824813,0.0,203.79243,1247.0,37.78788,6282.0,190.36363,0.0,564.0,2042.0,34.0,457.0,576.0,84.0,427.0,95.0,93.0,191.0,38.0,70.0,38.0,0.029595016,0.054517135,0.029595016,0.32232597,655.5981,1.9348733,0.7062172,0.11759903,-0.0045715524,0.42749238,-0.29688478,4.4275465,1.7060001,4.560813,-0.005718497,0.00012895298,0.006540931,-0.005804109,0.1272229,0.06607242,0.1455135,137.0,383.0,218.80453,26.017136,21.0,110.0,0.0,115.0,87.67117,-0.0022875746,8.0
35,13,10.37142857,0,185.9142857,1298,37.08571429,6507,185.9142857,0,571,2102,36,470,592,88,457,103,94,195,38,72,38,0.028464419,0.053932584,0.028464419,2,2,12,1.0,0,0,0,0,4,2,5,0.0,0.0,0.0,0.0,0.114285714,0.057142857,0.142857143,138,383,219,26,21,110,0,117,88,0,8,34.438126,12.739974,10.529575,0.0,199.34308,1298.0,37.085712,6507.0,185.91429,0.0,571.0,2102.0,36.0,470.0,592.0,88.0,457.0,103.0,94.0,195.0,38.0,72.0,38.0,0.02846442,0.053932585,0.02846442,0.32232597,263.43927,1.9348733,0.7062172,0.29399744,-0.0045715524,0.42749238,-0.29688478,4.4275465,1.7060001,4.560813,-0.005718497,0.00012895298,0.006540931,-0.005804109,0.12029649,0.0593294,0.1368555,138.0,383.0,218.80453,26.017136,21.0,110.0,0.0,117.0,87.67117,-0.0022875746,8.0
35,13,10.45714286,0,199.5714286,1330,38.0,6985,199.5714286,0,585,2386,37,541,599,87,480,105,113,210,39,73,39,0.028508772,0.053362573,0.028508772,2,2,12,1.0,1,0,1,1,5,3,7,0.027777778,0.0,0.027777778,0.027777778,0.138888889,0.083333333,0.194444444,138,394,221,26,24,116,0,118,88,0,8,35.112373,12.739974,10.615289,0.0,213.00023,1330.0,38.0,6985.0,199.57143,0.0,585.0,2386.0,37.0,541.0,599.0,87.0,480.0,105.0,113.0,210.0,39.0,73.0,39.0,0.028508771,0.053362574,0.028508771,0.32232597,132.71967,1.9348733,0.7062172,1.1763986,-0.0045715524,1.4274927,0.70311534,5.427547,2.8824,6.560813,0.02205928,0.00012895298,0.03431871,0.02197367,0.14489967,0.0887997,0.1884428,138.0,394.0,220.80453,26.017136,24.0,116.0,0.0,118.0,87.67117,-0.0022875746,8.0
35,13,10.34285714,0,204.0571429,1347,38.48571429,7142,204.0571429,0,585,2471,37,579,599,87,501,105,114,215,38,72,38,0.027456647,0.052023121,0.027456647,2,2,12,1.0,0,0,0,0,4,2,6,0.0,0.0,0.0,0.0,0.114285714,0.057142857,0.171428571,138,395,222,26,24,116,0,118,88,0,8,34.77525,12.739974,10.501003,0.0,217.48595,1347.0,38.485714,7142.0,204.05714,0.0,585.0,2471.0,37.0,579.0,599.0,87.0,501.0,105.0,114.0,215.0,38.0,72.0,38.0,0.027456647,0.05202312,0.027456647,0.32232597,394.15887,1.9348733,0.7062172,0.11759903,-0.0045715524,0.42749238,-0.29688478,4.4275465,1.8824,5.560813,-0.005718497,0.00012895298,0.006540931,-0.005804109,0.12029649,0.06260922,0.16542692,138.0,395.0,221.80453,26.013708,24.0,116.0,0.0,118.0,87.67117,-0.0022875746,8.0
37,14,10.18918919,0,207.9459459,1423,38.45945946,7694,207.9459459,0,614,2743,40,630,640,91,517,112,145,225,42,80,42,0.028688525,0.054644809,0.028688525,3,3,18,1.0,0,0,0,0,4,2,5,0.0,0.0,0.0,0.0,0.108108108,0.054054054,0.135135135,138,395,221,26,24,116,0,120,88,0,8,36.438126,13.739974,10.347336,0.0,221.37476,1423.0,38.45946,7694.0,207.94595,0.0,614.0,2743.0,40.0,630.0,640.0,91.0,517.0,112.0,145.0,225.0,42.0,80.0,42.0,0.028688526,0.05464481,0.028688526,1.322326,2.9999998,7.93487,0.7062172,-0.29399762,-0.0045715524,0.42749238,-0.29688478,4.4275465,1.7060001,4.560813,-0.0022874004,0.00012895298,0.006540931,-0.005804109,0.11411888,0.059520416,0.1291335,138.0,395.0,220.80453,26.017136,24.0,116.0,0.0,120.0,87.67117,-0.0022875746,8.0
42,16,10.73809524,0,208.5952381,1613,38.4047619,8761,208.5952381,0,667,3043,45,680,839,105,648,120,177,262,48,89,48,0.028915663,0.053614458,0.028915663,3,3,18,1.0,0,0,0,0,4,2,6,0.0,0.0,0.0,0.0,0.095238095,0.047619048,0.142857143,138,389,221,26,24,116,0,122,87,0,8,41.438126,15.739974,10.896241,0.0,222.02405,1613.0,38.404762,8761.0,208.59525,0.0,667.0,3043.0,45.0,680.0,839.0,105.0,648.0,120.0,177.0,262.0,48.0,89.0,48.0,0.028915662,0.053614456,0.028915662,1.322326,-127.71973,7.93487,0.7062172,-0.29399762,-0.0045715524,0.42749238,-0.29688478,4.4275465,1.7060001,5.560813,-0.005718497,0.00012895298,0.006540931,-0.005804109,0.101248875,0.053085413,0.1368555,138.0,389.0,220.80453,26.006853,24.0,116.0,0.0,122.0,86.67117,-0.0022875746,8.0
37,15,10.10810811,0,215.0,1445,39.05405405,7955,215.0,0,626,2811,40,673,664,92,594,113,162,230,42,78,42,0.02878684,0.053461275,0.02878684,3,3,18,1.0,0,0,0,0,4,2,6,0.0,0.0,0.0,0.0,0.108108108,0.054054054,0.162162162,138,389,221,26,24,116,0,119,87,0,8,36.5505,14.739974,10.266254,0.0,228.4288,1445.0,39.054054,7955.0,215.0,0.0,626.0,2811.0,40.0,673.0,664.0,92.0,594.0,113.0,162.0,230.0,42.0,78.0,42.0,0.02878684,0.053461276,0.02878684,1.322326,-650.59814,7.93487,0.7062172,-0.29399762,-0.0045715524,0.42749238,-0.29688478,4.4275465,1.7060001,5.560813,-0.005718497,0.00012895298,0.006540931,-0.005804109,0.11411888,0.059520416,0.15616052,138.0,389.0,220.80453,26.01028,24.0,116.0,0.0,119.0,86.67117,-0.0022875746,8.0
42,16,10.19047619,0,205.8809524,1602,38.14285714,8647,205.8809524,0,667,3008,45,680,793,105,642,120,177,262,48,89,48,0.029108551,0.053972104,0.029108551,3,3,18,1.0,0,0,0,0,4,2,6,0.0,0.0,0.0,0.0,0.095238095,0.047619048,0.142857143,138,389,221,26,24,116,0,122,87,0,8,41.438126,15.739974,10.348622,0.0,219.30975,1602.0,38.142857,8647.0,205.88095,0.0,667.0,3008.0,45.0,680.0,793.0,105.0,642.0,120.0,177.0,262.0,48.0,89.0,48.0,0.02910855,0.053972103,0.02910855,1.322326,-127.71973,7.93487,0.7062172,-0.29399762,-0.0045715524,0.42749238,-0.29688478,4.4275465,1.7060001,5.560813,-0.005718497,0.00012895298,0.006540931,-0.005804109,0.101248875,0.053085413,0.1368555,138.0,389.0,220.80453,26.013708,24.0,116.0,0.0,122.0,86.67117,-0.0022875746,8.0
44,17,9.568181818,0,199.5,1665,37.84090909,8778,199.5,0,670,3051,47,694,768,109,651,126,181,270,47,90,47,0.027469316,0.052600818,0.027469316,3,3,18,1.0,0,0,0,0,4,2,6,0.0,0.0,0.0,0.0,0.090909091,0.045454545,0.136363636,138,389,221,26,24,116,0,122,87,0,8,43.438126,16.739973,9.726328,0.0,212.9288,1665.0,37.840908,8778.0,199.5,0.0,670.0,3051.0,47.0,694.0,768.0,109.0,651.0,126.0,181.0,270.0,47.0,90.0,47.0,0.027469316,0.05260082,0.027469316,1.322326,-519.8788,7.93487,0.7062172,-0.29399762,-0.0045715524,0.42749238,-0.29688478,4.4275465,1.7060001,5.560813,-0.005718497,0.00012895298,0.006540931,-0.005804109,0.096919864,0.050920907,0.13036199,138.0,389.0,220.80453,25.982864,24.0,116.0,0.0,122.0,86.67117,-0.0022875746,8.0
44,17,9.136363636,0,193.3863636,1608,36.54545455,8510,197.9069767,0,667,2970,46,689,719,107,614,123,178,265,46,88,46,0.027845036,0.053268765,0.027845036,3,3,18,1.0,0,0,1,0,5,2,7,0.0,0.0,0.022727273,0.0,0.113636364,0.045454545,0.159090909,138,389,221,26,24,116,0,122,87,0,8,43.438126,16.739973,9.29451,0.0,206.81516,1608.0,36.545456,8510.0,197.90698,0.0,667.0,2970.0,46.0,689.0,719.0,107.0,614.0,123.0,178.0,265.0,46.0,88.0,46.0,0.027845036,0.053268764,0.027845036,1.322326,-519.8788,7.93487,0.7062172,-0.29399762,-0.0045715524,1.4274927,-0.29688478,5.427547,1.7060001,6.560813,-0.005718497,0.00012895298,0.029268201,-0.005804109,0.119647145,0.050920907,0.15308927,138.0,389.0,220.80453,26.017136,24.0,116.0,0.0,122.0,86.67117,-0.0022875746,8.0
43,17,9.279069767,0,197.5813953,1607,37.37209302,8496,197.5813953,0,666,2963,46,689,713,107,614,123,178,265,46,88,46,0.027895694,0.053365676,0.027895694,3,3,18,1.0,0,0,0,0,4,2,6,0.0,0.0,0.0,0.0,0.093023256,0.046511628,0.139534884,138,389,221,26,24,116,0,122,87,0,8,42.438126,16.739973,9.437216,0.0,211.0102,1607.0,37.372093,8496.0,197.58139,0.0,666.0,2963.0,46.0,689.0,713.0,107.0,614.0,123.0,178.0,265.0,46.0,88.0,46.0,0.027895695,0.053365678,0.027895695,1.322326,-519.8788,7.93487,0.7062172,-0.29399762,-0.0045715524,0.42749238,-0.29688478,4.4275465,1.7060001,5.560813,-0.005718497,0.00012895298,0.006540931,-0.005804109,0.09903403,0.051977992,0.13353324,138.0,389.0,220.80453,26.0,24.0,116.0,0.0,122.0,86.67117,-0.0022875746,8.0
42,16,9.452380952,0,200.2380952,1575,37.5,8410,200.2380952,0,664,2935,45,707,704,106,610,119,176,260,45,86,45,0.027932961,0.053382992,0.027932961,3,3,18,1.0,1,0,1,1,5,3,7,0.023255814,0.0,0.023255814,0.023255814,0.11627907,0.069767442,0.162790698,138,389,221,26,24,116,0,121,87,0,8,41.438126,15.739974,9.610527,0.0,213.66689,1575.0,37.5,8410.0,200.2381,0.0,664.0,2935.0,45.0,707.0,704.0,106.0,610.0,119.0,176.0,260.0,45.0,86.0,45.0,0.02793296,0.053382993,0.02793296,1.322326,133.71967,7.93487,0.7062172,0.7060025,-0.0045715524,1.4274927,0.70311534,5.427547,2.706,6.560813,0.017537316,0.00012895298,0.029796742,0.01745171,0.12228985,0.0752338,0.15678905,138.0,389.0,220.80453,26.006853,24.0,116.0,0.0,121.0,86.67117,-0.0022875746,8.0
41,16,9.487804878,0,202.4390244,1542,37.6097561,8300,202.4390244,0,658,2899,44,703,693,104,606,116,176,255,45,85,45,0.02869898,0.054209184,0.02869898,3,3,18,1.0,0,0,0,0,4,2,6,0.0,0.0,0.0,0.0,0.097560976,0.048780488,0.146341463,138,389,221,26,24,116,0,119,87,0,8,40.438126,15.739974,9.645951,0.0,215.86783,1542.0,37.609756,8300.0,202.43903,0.0,658.0,2899.0,44.0,703.0,693.0,104.0,606.0,116.0,176.0,255.0,45.0,85.0,45.0,0.02869898,0.054209184,0.02869898,1.322326,133.71967,7.93487,0.7062172,-0.29399762,-0.0045715524,0.42749238,-0.29688478,4.4275465,1.7060001,5.560813,-0.005718497,0.00012895298,0.006540931,-0.005804109,0.10357175,0.054246854,0.14033982,138.0,389.0,220.80453,25.982864,24.0,116.0,0.0,119.0,86.67117,-0.0022875746,8.0
38,15,10.02631579,0,214.2631579,1492,39.26315789,8142,214.2631579,0,635,2855,41,684,684,98,598,116,176,252,44,81,44,0.029100529,0.053571429,0.029100529,3,3,18,1.0,0,0,0,0,4,2,6,0.0,0.0,0.0,0.0,0.105263158,0.052631579,0.157894737,138,389,221,26,24,116,0,119,87,0,8,37.438126,14.739974,10.184463,0.0,227.69197,1492.0,39.263157,8142.0,214.26315,0.0,635.0,2855.0,41.0,684.0,684.0,98.0,598.0,116.0,176.0,252.0,44.0,81.0,44.0,0.02910053,0.05357143,0.02910053,1.322326,-519.8788,7.93487,0.7062172,-0.29399762,-0.0045715524,0.42749238,-0.29688478,4.4275465,1.7060001,5.560813,-0.005718497,0.00012895298,0.006540931,-0.005804109,0.11127394,0.05809794,0.1518931,138.0,389.0,220.80453,25.993147,24.0,116.0,0.0,119.0,86.67117,-0.0022875746,8.0
38,15,10.18421053,0,214.6578947,1492,39.26315789,8157,214.6578947,0,635,2865,41,684,695,98,598,116,176,253,44,81,44,0.029158383,0.053677932,0.029158383,3,3,18,1.0,0,0,0,0,4,2,6,0.0,0.0,0.0,0.0,0.105263158,0.052631579,0.157894737,138,389,221,26,24,116,0,119,87,0,8,37.438126,14.739974,10.342357,0.0,228.0867,1492.0,39.263157,8157.0,214.6579,0.0,635.0,2865.0,41.0,684.0,695.0,98.0,598.0,116.0,176.0,253.0,44.0,81.0,44.0,0.029158384,0.05367793,0.029158384,1.322326,-389.15906,7.93487,0.7062172,-0.29399762,-0.0045715524,0.42749238,-0.29688478,4.4275465,1.7060001,5.560813,-0.005718497,0.00012895298,0.006540931,-0.005804109,0.11127394,0.05809794,0.1518931,138.0,389.0,220.80453,25.993147,24.0,116.0,0.0,119.0,86.67117,-0.0022875746,8.0
42,16,10.76190476,0,210.1666667,1636,38.95238095,8827,210.1666667,0,664,3067,45,684,842,105,648,123,180,261,49,90,49,0.029097387,0.053444181,0.029097387,3,3,18,1.0,2,0,2,2,6,4,8,0.045454545,0.0,0.045454545,0.045454545,0.136363636,0.090909091,0.181818182,138,389,221,26,24,116,0,122,87,0,8,41.438126,15.739974,10.920052,0.0,223.59547,1636.0,38.95238,8827.0,210.16667,0.0,664.0,3067.0,45.0,684.0,842.0,105.0,648.0,123.0,180.0,261.0,49.0,90.0,49.0,0.029097388,0.05344418,0.029097388,1.322326,-650.59814,7.93487,0.7062172,1.7060022,-0.0045715524,2.4274926,1.703115,6.427547,3.7059996,7.5608125,0.039736044,0.00012895298,0.051995482,0.039650433,0.14237443,0.09637546,0.17581654,138.0,389.0,220.80453,25.996572,24.0,116.0,0.0,122.0,86.67117,-0.0022875746,8.0
38,15,9.657894737,0,203.4736842,1452,38.21052632,7732,203.4736842,0,639,2687,40,629,639,95,586,110,140,228,44,81,44,0.029810298,0.054878049,0.029810298,2,2,12,1.0,0,0,0,0,4,2,6,0.0,0.0,0.0,0.0,0.105263158,0.052631579,0.157894737,138,389,221,26,24,116,0,119,87,0,8,37.5505,14.739974,9.816041,0.0,216.90248,1452.0,38.210526,7732.0,203.47368,0.0,639.0,2687.0,40.0,629.0,639.0,95.0,586.0,110.0,140.0,228.0,44.0,81.0,44.0,0.029810298,0.05487805,0.029810298,0.32232597,1.9999996,1.9348733,0.7062172,-0.23519811,-0.0045715524,0.42749238,-0.29688478,4.4275465,1.7060001,5.560813,-0.005718497,0.00012895298,0.006540931,-0.005804109,0.11127394,0.05809794,0.1518931,138.0,389.0,220.80453,25.982864,24.0,116.0,0.0,119.0,86.67117,-0.0022875746,8.0
44,17,9.954545455,0,202.6363636,1688,38.36363636,8916,202.6363636,0,669,3106,47,698,809,109,651,129,186,269,49,92,49,0.028225806,0.052995392,0.028225806,3,3,18,1.0,0,0,0,0,4,2,6,0.0,0.0,0.0,0.0,0.090909091,0.045454545,0.136363636,138,389,221,26,24,116,0,122,87,0,8,43.438126,16.739973,10.112692,0.0,216.06517,1688.0,38.363636,8916.0,202.63637,0.0,669.0,3106.0,47.0,698.0,809.0,109.0,651.0,129.0,186.0,269.0,49.0,92.0,49.0,0.028225806,0.05299539,0.028225806,1.322326,-650.59814,7.93487,0.7062172,-0.29399762,-0.0045715524,0.42749238,-0.29688478,4.4275465,1.7060001,5.560813,-0.005718497,0.00012895298,0.006540931,-0.005804109,0.096919864,0.050920907,0.13036199,138.0,389.0,220.80453,25.982864,24.0,116.0,0.0,122.0,86.67117,-0.0022875746,8.0
44,17,9.590909091,0,200.2727273,1679,38.15909091,8812,200.2727273,0,667,3063,47,698,763,109,648,129,184,269,47,90,47,0.027262181,0.052204176,0.027262181,3,3,18,1.0,0,0,0,0,4,2,6,0.0,0.0,0.0,0.0,0.090909091,0.045454545,0.136363636,138,389,221,26,24,116,0,122,87,0,8,43.438126,16.739973,9.749056,0.0,213.70152,1679.0,38.159092,8812.0,200.27272,0.0,667.0,3063.0,47.0,698.0,763.0,109.0,648.0,129.0,184.0,269.0,47.0,90.0,47.0,0.027262181,0.052204177,0.027262181,1.322326,-650.59814,7.93487,0.7062172,-0.29399762,-0.0045715524,0.42749238,-0.29688478,4.4275465,1.7060001,5.560813,-0.005718497,0.00012895298,0.006540931,-0.005804109,0.096919864,0.050920907,0.13036199,138.0,389.0,220.80453,25.982864,24.0,116.0,0.0,122.0,86.67117,-0.0022875746,8.0
43,17,9.395348837,0,199.1627907,1630,37.90697674,8564,199.1627907,0,664,2986,46,693,720,107,614,126,181,264,47,89,47,0.028110048,0.053229665,0.028110048,3,3,18,1.0,0,0,0,0,4,2,6,0.0,0.0,0.0,0.0,0.093023256,0.046511628,0.139534884,138,389,221,26,24,116,0,122,87,0,8,42.438126,16.739973,9.553495,0.0,212.59158,1630.0,37.90698,8564.0,199.1628,0.0,664.0,2986.0,46.0,693.0,720.0,107.0,614.0,126.0,181.0,264.0,47.0,89.0,47.0,0.028110048,0.053229664,0.028110048,1.322326,-650.59814,7.93487,0.7062172,-0.29399762,-0.0045715524,0.42749238,-0.29688478,4.4275465,1.7060001,5.560813,-0.005718497,0.00012895298,0.006540931,-0.005804109,0.09903403,0.051977992,0.13353324,138.0,389.0,220.80453,26.0,24.0,116.0,0.0,122.0,86.67117,-0.0022875746,8.0
42,16,9.428571429,0,200.7142857,1595,37.97619048,8430,200.7142857,0,662,2948,45,688,705,106,606,122,180,259,46,88,46,0.028220859,0.05398773,0.028220859,3,3,18,1.0,1,0,1,1,5,3,7,0.023255814,0.0,0.023255814,0.023255814,0.11627907,0.069767442,0.162790698,138,389,221,26,24,116,0,121,87,0,8,41.438126,15.739974,9.586718,0.0,214.14308,1595.0,37.97619,8430.0,200.71428,0.0,662.0,2948.0,45.0,688.0,705.0,106.0,606.0,122.0,180.0,259.0,46.0,88.0,46.0,0.028220858,0.05398773,0.028220858,1.322326,-258.43933,7.93487,0.7062172,0.7060025,-0.0045715524,1.4274927,0.70311534,5.427547,2.706,6.560813,0.017537316,0.00012895298,0.029796742,0.01745171,0.12228985,0.0752338,0.15678905,138.0,389.0,220.80453,25.993147,24.0,116.0,0.0,121.0,86.67117,-0.0022875746,8.0
41,16,9.536585366,0,204.0487805,1564,38.14634146,8366,204.0487805,0,657,2921,44,707,695,104,606,119,179,254,46,87,46,0.028985507,0.054820416,0.028985507,3,3,18,1.0,2,0,2,2,6,4,8,0.046511628,0.0,0.046511628,0.046511628,0.139534884,0.093023256,0.186046512,138,389,221,26,24,116,0,119,87,0,8,40.438126,15.739974,9.694732,0.0,217.47758,1564.0,38.146343,8366.0,204.04878,0.0,657.0,2921.0,44.0,707.0,695.0,104.0,606.0,119.0,179.0,254.0,46.0,87.0,46.0,0.028985508,0.054820415,0.028985508,1.322326,-389.15906,7.93487,0.7062172,1.7060022,-0.0045715524,2.4274926,1.703115,6.427547,3.7059996,7.5608125,0.04079313,0.00012895298,0.053052563,0.040707517,0.14554566,0.09848963,0.18004486,138.0,389.0,220.80453,25.982864,24.0,116.0,0.0,119.0,86.67117,-0.0022875746,8.0
41,16,9.56097561,0,204.0,1565,38.17073171,8364,204.0,0,660,2918,44,707,696,104,606,119,179,255,46,86,46,0.029077118,0.054361568,0.029077118,3,3,18,1.0,0,0,0,0,4,2,6,0.0,0.0,0.0,0.0,0.097560976,0.048780488,0.146341463,138,389,221,26,24,116,0,119,87,0,8,40.438126,15.739974,9.719122,0.0,217.4288,1565.0,38.17073,8364.0,204.0,0.0,660.0,2918.0,44.0,707.0,696.0,104.0,606.0,119.0,179.0,255.0,46.0,86.0,46.0,0.029077118,0.054361567,0.029077118,1.322326,-127.71973,7.93487,0.7062172,-0.29399762,-0.0045715524,0.42749238,-0.29688478,4.4275465,1.7060001,5.560813,-0.005718497,0.00012895298,0.006540931,-0.005804109,0.10357175,0.054246854,0.14033982,138.0,389.0,220.80453,25.982864,24.0,116.0,0.0,119.0,86.67117,-0.0022875746,8.0
41,16,9.56097561,0,203.804878,1565,38.17073171,8356,203.804878,0,660,2923,44,707,695,104,606,119,179,254,46,86,46,0.029132362,0.054464851,0.029132362,3,3,18,1.0,0,0,0,0,4,2,6,0.0,0.0,0.0,0.0,0.097560976,0.048780488,0.146341463,138,389,221,26,24,116,0,119,87,0,8,40.438126,15.739974,9.719122,0.0,217.23367,1565.0,38.17073,8356.0,203.80487,0.0,660.0,2923.0,44.0,707.0,695.0,104.0,606.0,119.0,179.0,254.0,46.0,86.0,46.0,0.029132362,0.05446485,0.029132362,1.322326,-127.71973,7.93487,0.7062172,-0.29399762,-0.0045715524,0.42749238,-0.29688478,4.4275465,1.7060001,5.560813,-0.005718497,0.00012895298,0.006540931,-0.005804109,0.10357175,0.054246854,0.14033982,138.0,389.0,220.80453,25.982864,24.0,116.0,0.0,119.0,86.67117,-0.0022875746,8.0
41,16,9.243902439,0,201.4878049,1553,37.87804878,8261,201.4878049,0,652,2897,44,706,674,100,604,119,167,238,45,85,45,0.028735632,0.054278416,0.028735632,3,3,18,1.0,0,0,0,0,4,2,6,0.0,0.0,0.0,0.0,0.097560976,0.048780488,0.146341463,138,389,221,26,24,116,0,119,87,0,8,40.438126,15.739974,9.402049,0.0,214.91661,1553.0,37.878048,8261.0,201.48781,0.0,652.0,2897.0,44.0,706.0,674.0,100.0,604.0,119.0,167.0,238.0,45.0,85.0,45.0,0.028735632,0.054278415,0.028735632,1.322326,-650.59814,7.93487,0.7062172,-0.29399762,-0.0045715524,0.42749238,-0.29688478,4.4275465,1.7060001,5.560813,-0.005718497,0.00012895298,0.006540931,-0.005804109,0.10357175,0.054246854,0.14033982,138.0,389.0,220.80453,25.982864,24.0,116.0,0.0,119.0,86.67117,-0.0022875746,8.0
39,15,11.41025641,0,220.9230769,1563,40.07692308,8616,220.9230769,0,642,3003,42,661,831,99,640,120,177,259,48,86,48,0.029813665,0.053416149,0.029813665,3,3,18,1.0,3,0,3,3,7,5,9,0.071428571,0.0,0.071428571,0.071428571,0.166666667,0.119047619,0.214285714,138,389,221,26,24,116,0,122,86,0,8,38.662876,14.739974,11.568403,0.0,234.35188,1563.0,40.076923,8616.0,220.92308,0.0,642.0,3003.0,42.0,661.0,831.0,99.0,640.0,120.0,177.0,259.0,48.0,86.0,48.0,0.029813666,0.053416148,0.029813666,1.322326,-650.59814,7.93487,0.7062172,2.7060025,-0.0045715524,3.4274929,2.7031152,7.427547,4.706,8.560812,0.065710075,0.00012895298,0.0779695,0.06562447,0.17267744,0.12451398,0.20828407,138.0,389.0,220.80453,26.017136,24.0,116.0,0.0,122.0,85.67117,-0.0022875746,8.0
37,15,10.16216216,0,215.0,1445,39.05405405,7955,215.0,0,623,2813,40,673,664,92,594,113,161,230,43,79,43,0.029492455,0.054183813,0.029492455,3,3,18,1.0,0,0,0,0,4,2,6,0.0,0.0,0.0,0.0,0.108108108,0.054054054,0.162162162,138,389,221,26,24,116,0,119,86,0,8,36.438126,14.739974,10.320309,0.0,228.4288,1445.0,39.054054,7955.0,215.0,0.0,623.0,2813.0,40.0,673.0,664.0,92.0,594.0,113.0,161.0,230.0,43.0,79.0,43.0,0.029492455,0.054183815,0.029492455,1.322326,-650.59814,7.93487,0.7062172,-0.29399762,-0.0045715524,0.42749238,-0.29688478,4.4275465,1.7060001,5.560813,-0.005718497,0.00012895298,0.006540931,-0.005804109,0.11411888,0.059520416,0.15616052,138.0,389.0,220.80453,26.017136,24.0,116.0,0.0,119.0,85.67117,-0.0022875746,8.0
39,15,10.74358974,0,217.9487179,1552,39.79487179,8500,217.9487179,0,642,2970,42,661,781,99,634,120,177,259,48,86,48,0.030018762,0.053783615,0.030018762,3,3,18,1.0,3,0,3,3,7,5,9,0.071428571,0.0,0.071428571,0.071428571,0.166666667,0.119047619,0.214285714,138,389,221,26,24,116,0,122,86,0,8,38.5505,14.739974,10.901736,0.0,231.37753,1552.0,39.794872,8500.0,217.94872,0.0,642.0,2970.0,42.0,661.0,781.0,99.0,634.0,120.0,177.0,259.0,48.0,86.0,48.0,0.030018762,0.053783614,0.030018762,1.322326,-650.59814,7.93487,0.7062172,2.7060025,-0.0045715524,3.4274929,2.7031152,7.427547,4.706,8.560812,0.065710075,0.00012895298,0.0779695,0.06562447,0.17267744,0.12451398,0.20828407,138.0,389.0,220.80453,26.017136,24.0,116.0,0.0,122.0,85.67117,-0.0022875746,8.0
41,16,10.12195122,0,210.4390244,1615,39.3902439,8628,210.4390244,0,645,3008,44,675,758,103,643,126,181,267,47,87,47,0.028296207,0.052378085,0.028296207,3,3,18,1.0,3,0,3,3,7,5,9,0.068181818,0.0,0.068181818,0.068181818,0.159090909,0.113636364,0.204545455,138,389,221,26,24,116,0,122,86,0,8,40.662876,15.739974,10.280098,0.0,223.86783,1615.0,39.390244,8628.0,210.43903,0.0,645.0,3008.0,44.0,675.0,758.0,103.0,643.0,126.0,181.0,267.0,47.0,87.0,47.0,0.028296206,0.052378085,0.028296206,1.322326,-650.59814,7.93487,0.7062172,2.7060025,-0.0045715524,3.4274929,2.7031152,7.427547,4.706,8.560812,0.06246332,0.00012895298,0.07472275,0.06237771,0.16510169,0.11910273,0.1985438,138.0,389.0,220.80453,26.01028,24.0,116.0,0.0,122.0,85.67117,-0.0022875746,8.0
40,16,9.875,0,208.925,1557,38.925,8357,208.925,0,642,2926,43,670,708,101,606,123,178,262,46,85,46,0.028732042,0.053091818,0.028732042,3,3,18,1.0,4,0,4,4,8,6,10,0.090909091,0.0,0.090909091,0.090909091,0.181818182,0.136363636,0.227272727,138,389,221,26,24,116,0,122,86,0,8,40.0,15.739974,10.033147,0.0,222.3538,1557.0,38.925,8357.0,208.925,0.0,642.0,2926.0,43.0,670.0,708.0,101.0,606.0,123.0,178.0,262.0,46.0,85.0,46.0,0.028732043,0.053091817,0.028732043,1.322326,-650.59814,7.93487,0.7062172,3.7060025,-0.0045715524,4.4274926,3.7031155,8.4275465,5.706,9.560813,0.085190594,0.00012895298,0.09745002,0.08510499,0.18782896,0.14183,0.22127108,138.0,389.0,220.80453,26.017136,24.0,116.0,0.0,122.0,85.67117,-0.0022875746,8.0
40,16,9.825,0,208.55,1557,38.925,8342,208.55,0,642,2918,43,670,701,101,606,123,178,262,46,85,46,0.028840125,0.053291536,0.028840125,3,3,18,1.0,4,0,4,4,8,6,10,0.090909091,0.0,0.090909091,0.090909091,0.181818182,0.136363636,0.227272727,138,389,221,26,24,116,0,122,86,0,8,40.0,15.739974,9.983147,0.0,221.9788,1557.0,38.925,8342.0,208.55,0.0,642.0,2918.0,43.0,670.0,701.0,101.0,606.0,123.0,178.0,262.0,46.0,85.0,46.0,0.028840125,0.053291537,0.028840125,1.322326,-650.59814,7.93487,0.7062172,3.7060025,-0.0045715524,4.4274926,3.7031155,8.4275465,5.706,9.560813,0.085190594,0.00012895298,0.09745002,0.08510499,0.18782896,0.14183,0.22127108,138.0,389.0,220.80453,26.017136,24.0,116.0,0.0,122.0,85.67117,-0.0022875746,8.0
39,15,9.897435897,0,210.2307692,1521,39.0,8199,210.2307692,0,639,2876,42,665,687,100,598,119,176,255,45,83,45,0.028957529,0.053410553,0.028957529,3,3,18,1.0,5,0,5,5,9,7,11,0.113636364,0.0,0.113636364,0.113636364,0.204545455,0.159090909,0.25,138,389,221,26,24,116,0,121,86,0,8,38.438126,14.739974,10.055582,0.0,223.65958,1521.0,39.0,8199.0,210.23077,0.0,639.0,2876.0,42.0,665.0,687.0,100.0,598.0,119.0,176.0,255.0,45.0,83.0,45.0,0.028957529,0.053410552,0.028957529,1.322326,-650.59814,7.93487,0.7062172,4.7060027,-0.0045715524,5.427492,4.7031155,9.4275465,6.7060003,10.560813,0.10791786,0.00012895298,0.12017729,0.10783225,0.21055624,0.16455728,0.24399836,138.0,389.0,220.80453,26.017136,24.0,116.0,0.0,121.0,85.67117,-0.0022875746,8.0
38,15,9.973684211,0,212.4736842,1482,39.0,8074,212.4736842,0,634,2832,41,661,677,98,592,116,175,247,45,82,45,0.02994012,0.054557552,0.02994012,3,3,18,1.0,6,0,6,6,10,8,12,0.136363636,0.0,0.136363636,0.136363636,0.227272727,0.181818182,0.272727273,138,389,221,26,24,116,0,119,86,0,8,38.22475,14.739974,10.13183,0.0,225.9025,1482.0,39.0,8074.0,212.47368,0.0,634.0,2832.0,41.0,661.0,677.0,98.0,592.0,116.0,175.0,247.0,45.0,82.0,45.0,0.02994012,0.05455755,0.02994012,1.322326,-650.59814,7.93487,0.7062172,5.706002,-0.0045715524,6.4274926,5.762492,10.4275465,7.706,11.560813,0.13064514,0.00012895298,0.14290456,0.13055953,0.2332835,0.18728454,0.26672563,138.0,389.0,220.80453,26.017136,24.0,116.0,0.0,119.0,85.67117,-0.0022875746,8.0
38,15,9.973684211,0,212.3421053,1483,39.02631579,8069,212.3421053,0,634,2831,41,661,675,98,592,116,175,248,45,82,45,0.03,0.054666667,0.03,3,3,18,1.0,2,0,2,2,6,4,8,0.05,0.0,0.05,0.05,0.15,0.1,0.2,138,389,221,26,24,116,0,119,86,0,8,37.887627,14.739974,10.13183,0.0,225.77092,1483.0,39.026318,8069.0,212.3421,0.0,634.0,2831.0,41.0,661.0,675.0,98.0,592.0,116.0,175.0,248.0,45.0,82.0,45.0,0.03,0.05466667,0.03,1.322326,-650.59814,7.93487,0.7062172,1.7060022,-0.0045715524,2.4274926,1.703115,6.427547,3.7059996,7.5608125,0.044281498,0.00012895298,0.056540936,0.044195887,0.15601078,0.105466366,0.19399835,138.0,389.0,220.80453,26.013708,24.0,116.0,0.0,119.0,85.67117,-0.0022875746,8.0
38,15,9.947368421,0,212.9210526,1492,39.26315789,8091,212.9210526,0,634,2846,41,684,674,94,596,116,165,236,45,82,45,0.029840849,0.054376658,0.029840849,3,3,18,1.0,0,0,0,0,4,2,6,0.0,0.0,0.0,0.0,0.105263158,0.052631579,0.157894737,138,389,221,26,24,116,0,119,86,0,8,37.438126,14.739974,10.105515,0.0,226.34985,1492.0,39.263157,8091.0,212.92105,0.0,634.0,2846.0,41.0,684.0,674.0,94.0,596.0,116.0,165.0,236.0,45.0,82.0,45.0,0.02984085,0.054376658,0.02984085,1.322326,-650.59814,7.93487,0.7062172,-0.29399762,-0.0045715524,0.42749238,-0.29688478,4.4275465,1.7060001,5.560813,-0.005718497,0.00012895298,0.006540931,-0.005804109,0.11127394,0.05809794,0.1518931,138.0,389.0,220.80453,26.017136,24.0,116.0,0.0,119.0,85.67117,-0.0022875746,8.0
42,16,10.78571429,0,209.452381,1621,38.5952381,8797,209.452381,0,667,3060,45,684,841,105,648,120,178,261,51,92,51,0.030520646,0.055056852,0.030520646,4,4,24,1.0,3,0,3,3,7,5,9,0.066666667,0.0,0.066666667,0.066666667,0.155555556,0.111111111,0.2,138,389,221,26,24,116,0,122,87,0,8,41.438126,15.739974,10.943861,0.0,222.8812,1621.0,38.595238,8797.0,209.45238,0.0,667.0,3060.0,45.0,684.0,841.0,105.0,648.0,120.0,178.0,261.0,51.0,92.0,51.0,0.030520646,0.05505685,0.030520646,2.322324,-388.15906,13.934862,0.7062172,2.7060025,-0.0045715524,3.4274929,2.7031152,7.427547,4.706,8.560812,0.06094817,0.00012895298,0.073207594,0.06086256,0.16156633,0.116577476,0.19399835,138.0,389.0,220.80453,26.017136,24.0,116.0,0.0,122.0,86.67117,-0.0022875746,8.0
40,16,9.55,0,204.3,1504,37.6,8172,204.3,0,651,2871,43,696,706,98,602,113,162,232,46,85,46,0.030243261,0.055884287,0.030243261,4,4,24,1.0,0,0,0,0,4,2,6,0.0,0.0,0.0,0.0,0.1,0.05,0.15,138,389,221,26,24,116,0,119,87,0,8,39.438126,15.739974,9.708146,0.0,217.7288,1504.0,37.6,8172.0,204.3,0.0,651.0,2871.0,43.0,696.0,706.0,98.0,602.0,113.0,162.0,232.0,46.0,85.0,46.0,0.03024326,0.055884287,0.03024326,2.322324,-649.59814,13.934862,0.7062172,-0.29399762,-0.0045715524,0.42749238,-0.29688478,4.4275465,1.7060001,5.560813,-0.005718497,0.00012895298,0.006540931,-0.005804109,0.10601078,0.055466365,0.14399835,138.0,389.0,220.80453,26.003428,24.0,116.0,0.0,119.0,86.67117,-0.0022875746,8.0
42,16,10.14285714,0,206.6428571,1610,38.33333333,8679,206.6428571,0,667,3024,45,684,792,105,642,120,178,261,51,92,51,0.030722892,0.055421687,0.030722892,4,4,24,1.0,3,0,3,3,7,5,9,0.066666667,0.0,0.066666667,0.066666667,0.155555556,0.111111111,0.2,138,389,221,26,24,116,0,122,87,0,8,41.438126,15.739974,10.301003,0.0,220.07167,1610.0,38.333332,8679.0,206.64285,0.0,667.0,3024.0,45.0,684.0,792.0,105.0,642.0,120.0,178.0,261.0,51.0,92.0,51.0,0.030722892,0.055421688,0.030722892,2.322324,-388.15906,13.934862,0.7062172,2.7060025,-0.0045715524,3.4274929,2.7031152,7.427547,4.706,8.560812,0.06094817,0.00012895298,0.073207594,0.06086256,0.16156633,0.116577476,0.19399835,138.0,389.0,220.80453,26.017136,24.0,116.0,0.0,122.0,86.67117,-0.0022875746,8.0
44,17,9.568181818,0,200.2954545,1673,38.02272727,8813,200.2954545,0,670,3066,47,698,774,109,651,126,182,269,50,93,50,0.029036005,0.054006969,0.029036005,4,4,24,1.0,2,0,2,2,6,4,8,0.043478261,0.0,0.043478261,0.043478261,0.130434783,0.086956522,0.173913043,138,389,221,26,24,116,0,122,87,0,8,43.438126,16.739973,9.726328,0.0,213.72424,1673.0,38.022728,8813.0,200.29546,0.0,670.0,3066.0,47.0,698.0,774.0,109.0,651.0,126.0,182.0,269.0,50.0,93.0,50.0,0.029036004,0.054006968,0.029036004,2.322324,-649.59814,13.934862,0.7062172,1.7060022,-0.0045715524,2.4274926,1.703115,6.427547,3.7059996,7.5608125,0.03775976,0.00012895298,0.050019197,0.037674148,0.13644557,0.09242289,0.1679114,138.0,389.0,220.80453,25.98972,24.0,116.0,0.0,122.0,86.67117,-0.0022875746,8.0
43,17,9.348837209,0,198.9069767,1615,37.55813953,8553,198.9069767,0,667,2986,46,693,730,107,614,123,179,264,49,91,49,0.029482551,0.054753309,0.029482551,4,4,24,1.0,2,0,2,2,6,4,8,0.044444444,0.0,0.044444444,0.044444444,0.133333333,0.088888889,0.177777778,138,389,221,26,24,116,0,122,87,0,8,42.438126,16.739973,9.506984,0.0,212.33577,1615.0,37.55814,8553.0,198.90698,0.0,667.0,2986.0,46.0,693.0,730.0,107.0,614.0,123.0,179.0,264.0,49.0,91.0,49.0,0.02948255,0.054753307,0.02948255,2.322324,-518.87866,13.934862,0.7062172,1.7060022,-0.0045715524,2.4274926,1.703115,6.427547,3.7059996,7.5608125,0.038725942,0.00012895298,0.05098538,0.03864033,0.13934411,0.094355255,0.17177613,138.0,389.0,220.80453,26.017136,24.0,116.0,0.0,122.0,86.67117,-0.0022875746,8.0
43,17,9.279069767,0,198.6511628,1615,37.55813953,8542,198.6511628,0,667,2978,46,693,726,107,614,123,179,265,49,91,49,0.029589372,0.054951691,0.029589372,4,4,24,1.0,2,0,2,2,6,4,8,0.044444444,0.0,0.044444444,0.044444444,0.133333333,0.088888889,0.177777778,138,389,221,26,24,116,0,122,87,0,8,42.438126,16.739973,9.437216,0.0,212.07996,1615.0,37.55814,8542.0,198.65117,0.0,667.0,2978.0,46.0,693.0,726.0,107.0,614.0,123.0,179.0,265.0,49.0,91.0,49.0,0.029589372,0.05495169,0.029589372,2.322324,-518.87866,13.934862,0.7062172,1.7060022,-0.0045715524,2.4274926,1.703115,6.427547,3.7059996,7.5608125,0.038725942,0.00012895298,0.05098538,0.03864033,0.13934411,0.094355255,0.17177613,138.0,389.0,220.80453,26.017136,24.0,116.0,0.0,122.0,86.67117,-0.0022875746,8.0
42,16,9.333333333,0,200.1904762,1580,37.61904762,8408,200.1904762,0,664,2941,45,688,715,106,606,119,177,259,48,89,48,0.029721362,0.055108359,0.029721362,4,4,24,1.0,3,0,3,3,7,5,9,0.066666667,0.0,0.066666667,0.066666667,0.155555556,0.111111111,0.2,138,389,221,26,24,116,0,121,87,0,8,41.438126,15.739974,9.49148,0.0,213.61928,1580.0,37.61905,8408.0,200.19048,0.0,664.0,2941.0,45.0,688.0,715.0,106.0,606.0,119.0,177.0,259.0,48.0,89.0,48.0,0.029721363,0.055108357,0.029721363,2.322324,3.9999998,13.934862,0.7062172,2.7060025,-0.0045715524,3.4274929,2.7031152,7.427547,4.706,8.560812,0.06094817,0.00012895298,0.073207594,0.06086256,0.16156633,0.116577476,0.19399835,138.0,389.0,220.80453,26.017136,24.0,116.0,0.0,121.0,86.67117,-0.0022875746,8.0
41,16,9.512195122,0,203.7560976,1549,37.7804878,8354,203.7560976,0,660,2911,44,707,714,104,606,116,177,253,48,88,48,0.03043754,0.055802156,0.03043754,4,4,24,1.0,4,0,4,4,8,6,10,0.088888889,0.0,0.088888889,0.088888889,0.177777778,0.133333333,0.222222222,138,389,221,26,24,116,0,119,87,0,8,40.438126,15.739974,9.6703415,0.0,217.1849,1549.0,37.780487,8354.0,203.7561,0.0,660.0,2911.0,44.0,707.0,714.0,104.0,606.0,116.0,177.0,253.0,48.0,88.0,48.0,0.03043754,0.055802155,0.03043754,2.322324,-388.15906,13.934862,0.7062172,3.7060025,-0.0045715524,4.4274926,3.7031155,8.4275465,5.706,9.560813,0.08317039,0.00012895298,0.095429815,0.083084784,0.18378855,0.1387997,0.21622057,138.0,389.0,220.80453,26.006853,24.0,116.0,0.0,119.0,86.67117,-0.0022875746,8.0
41,16,9.487804878,0,203.8536585,1551,37.82926829,8358,203.8536585,0,663,2913,44,707,717,104,606,116,177,254,48,88,48,0.03051494,0.055944056,0.03051494,4,4,24,1.0,4,0,4,4,8,6,10,0.088888889,0.0,0.088888889,0.088888889,0.177777778,0.133333333,0.222222222,138,389,221,26,24,116,0,119,87,0,8,40.438126,15.739974,9.645951,0.0,217.28246,1551.0,37.82927,8358.0,203.85365,0.0,663.0,2913.0,44.0,707.0,717.0,104.0,606.0,116.0,177.0,254.0,48.0,88.0,48.0,0.03051494,0.055944055,0.03051494,2.322324,-388.15906,13.934862,0.7062172,3.7060025,-0.0045715524,4.4274926,3.7031155,8.4275465,5.706,9.560813,0.08317039,0.00012895298,0.095429815,0.083084784,0.18378855,0.1387997,0.21622057,138.0,389.0,220.80453,26.006853,24.0,116.0,0.0,119.0,86.67117,-0.0022875746,8.0
41,16,9.585365854,0,204.097561,1551,37.82926829,8368,204.097561,0,665,2921,44,707,728,104,606,116,177,254,48,88,48,0.030553787,0.056015277,0.030553787,4,4,24,1.0,0,0,0,0,4,2,6,0.0,0.0,0.0,0.0,0.097560976,0.048780488,0.146341463,138,389,221,26,24,116,0,119,87,0,8,40.438126,15.739974,9.743512,0.0,217.52637,1551.0,37.82927,8368.0,204.09756,0.0,665.0,2921.0,44.0,707.0,728.0,104.0,606.0,116.0,177.0,254.0,48.0,88.0,48.0,0.030553786,0.056015275,0.030553786,2.322324,526.87854,13.934862,0.7062172,-0.29399762,-0.0045715524,0.42749238,-0.29688478,4.4275465,1.7060001,5.560813,-0.005718497,0.00012895298,0.006540931,-0.005804109,0.10357175,0.054246854,0.14033982,138.0,389.0,220.80453,26.01028,24.0,116.0,0.0,119.0,86.67117,-0.0022875746,8.0
39,15,11.43589744,0,220.6923077,1562,40.05128205,8607,220.6923077,0,641,3001,42,659,833,99,640,120,177,259,47,85,47,0.029228856,0.052860697,0.029228856,3,3,18,1.0,3,0,3,3,7,5,9,0.071428571,0.0,0.071428571,0.071428571,0.166666667,0.119047619,0.214285714,138,389,221,26,24,116,0,122,86,0,8,38.662876,14.739974,11.594044,0.0,234.12111,1562.0,40.05128,8607.0,220.6923,0.0,641.0,3001.0,42.0,659.0,833.0,99.0,640.0,120.0,177.0,259.0,47.0,85.0,47.0,0.029228857,0.052860696,0.029228857,1.322326,-650.59814,7.93487,0.7062172,2.7060025,-0.0045715524,3.4274929,2.7031152,7.427547,4.706,8.560812,0.065710075,0.00012895298,0.0779695,0.06562447,0.17267744,0.12451398,0.20828407,138.0,389.0,220.80453,26.017136,24.0,116.0,0.0,122.0,85.67117,-0.0022875746,8.0
37,15,10.16216216,0,215.1081081,1445,39.05405405,7959,215.1081081,0,627,2814,40,671,668,92,594,113,162,230,42,78,42,0.028826356,0.05353466,0.028826356,3,3,18,1.0,0,0,0,0,4,2,6,0.0,0.0,0.0,0.0,0.108108108,0.054054054,0.162162162,138,389,221,26,24,116,0,119,86,0,8,36.438126,14.739974,10.320309,0.0,228.53691,1445.0,39.054054,7959.0,215.10811,0.0,627.0,2814.0,40.0,671.0,668.0,92.0,594.0,113.0,162.0,230.0,42.0,78.0,42.0,0.028826356,0.05353466,0.028826356,1.322326,-650.59814,7.93487,0.7062172,-0.29399762,-0.0045715524,0.42749238,-0.29688478,4.4275465,1.7648001,5.560813,-0.005718497,0.00012895298,0.006540931,-0.005804109,0.11411888,0.059520416,0.15616052,138.0,389.0,220.80453,26.01028,24.0,116.0,0.0,119.0,85.67117,-0.0022875746,8.0
39,15,10.74358974,0,217.5384615,1551,39.76923077,8484,217.5384615,0,641,2965,42,659,779,99,634,120,177,259,47,85,47,0.029430182,0.053224796,0.029430182,3,3,18,1.0,3,0,3,3,7,5,9,0.071428571,0.0,0.071428571,0.071428571,0.166666667,0.119047619,0.214285714,138,389,221,26,24,116,0,122,86,0,8,38.5505,14.739974,10.901736,0.0,230.96727,1551.0,39.76923,8484.0,217.53847,0.0,641.0,2965.0,42.0,659.0,779.0,99.0,634.0,120.0,177.0,259.0,47.0,85.0,47.0,0.029430183,0.053224795,0.029430183,1.322326,-650.59814,7.93487,0.7062172,2.7060025,-0.0045715524,3.4274929,2.7031152,7.427547,4.706,8.560812,0.065710075,0.00012895298,0.0779695,0.06562447,0.17267744,0.12451398,0.20828407,138.0,389.0,220.80453,26.017136,24.0,116.0,0.0,122.0,85.67117,-0.0022875746,8.0
41,16,10.12195122,0,210.1707317,1614,39.36585366,8617,210.1707317,0,644,3006,44,673,759,103,643,126,181,267,46,86,46,0.027727547,0.051838457,0.027727547,3,3,18,1.0,2,0,2,2,6,4,8,0.046511628,0.0,0.046511628,0.046511628,0.139534884,0.093023256,0.186046512,138,389,221,26,24,116,0,122,86,0,8,40.662876,15.739974,10.280098,0.0,223.59953,1614.0,39.365852,8617.0,210.17073,0.0,644.0,3006.0,44.0,673.0,759.0,103.0,643.0,126.0,181.0,267.0,46.0,86.0,46.0,0.027727546,0.051838458,0.027727546,1.322326,-650.59814,7.93487,0.7062172,1.7060022,-0.0045715524,2.4274926,1.703115,6.427547,3.7059996,7.5608125,0.04079313,0.00012895298,0.053052563,0.040707517,0.14554566,0.09848963,0.18004486,138.0,389.0,220.80453,26.0,24.0,116.0,0.0,122.0,85.67117,-0.0022875746,8.0
40,16,9.875,0,208.8,1556,38.9,8352,208.8,0,641,2926,43,668,711,101,606,123,178,262,45,84,45,0.0281602,0.052565707,0.0281602,3,3,18,1.0,3,0,3,3,7,5,9,0.069767442,0.0,0.069767442,0.069767442,0.162790698,0.11627907,0.209302326,138,389,221,26,24,116,0,122,86,0,8,40.0,15.739974,10.033147,0.0,222.2288,1556.0,38.9,8352.0,208.8,0.0,641.0,2926.0,43.0,668.0,711.0,101.0,606.0,123.0,178.0,262.0,45.0,84.0,45.0,0.0281602,0.05256571,0.0281602,1.322326,-650.59814,7.93487,0.7062172,2.764802,-0.0045715524,3.4274929,2.7031152,7.427547,4.706,8.560812,0.064048946,0.00012895298,0.07630837,0.06396333,0.16880147,0.12174543,0.20330068,138.0,389.0,220.80453,26.017136,24.0,116.0,0.0,122.0,85.67117,-0.0022875746,8.0
40,16,9.825,0,208.525,1556,38.9,8341,208.525,0,641,2920,43,668,706,101,606,123,178,262,45,84,45,0.028248588,0.052730697,0.028248588,3,3,18,1.0,3,0,3,3,7,5,9,0.069767442,0.0,0.069767442,0.069767442,0.162790698,0.11627907,0.209302326,138,389,221,26,24,116,0,122,86,0,8,40.0,15.739974,9.983147,0.0,221.95381,1556.0,38.9,8341.0,208.525,0.0,641.0,2920.0,43.0,668.0,706.0,101.0,606.0,123.0,178.0,262.0,45.0,84.0,45.0,0.028248588,0.0527307,0.028248588,1.322326,-650.59814,7.93487,0.7062172,2.764802,-0.0045715524,3.4274929,2.7031152,7.427547,4.706,8.560812,0.064048946,0.00012895298,0.07630837,0.06396333,0.16880147,0.12174543,0.20330068,138.0,389.0,220.80453,26.017136,24.0,116.0,0.0,122.0,85.67117,-0.0022875746,8.0
39,15,9.897435897,0,210.3076923,1517,38.8974359,8202,210.3076923,0,639,2880,42,663,692,100,598,119,177,255,44,83,44,0.028423773,0.053617571,0.028423773,3,3,18,1.0,4,0,4,4,8,6,10,0.093023256,0.0,0.093023256,0.093023256,0.186046512,0.139534884,0.23255814,138,389,221,26,24,116,0,121,86,0,8,38.438126,14.739974,10.055582,0.0,223.7365,1517.0,38.897434,8202.0,210.3077,0.0,639.0,2880.0,42.0,663.0,692.0,100.0,598.0,119.0,177.0,255.0,44.0,83.0,44.0,0.028423773,0.05361757,0.028423773,1.322326,-650.59814,7.93487,0.7062172,3.7060025,-0.0045715524,4.4274926,3.7031155,8.4275465,5.706,9.560813,0.087304756,0.00012895298,0.09956419,0.08721915,0.19205728,0.14500125,0.2265565,138.0,389.0,220.80453,26.013708,24.0,116.0,0.0,121.0,85.67117,-0.0022875746,8.0
38,15,9.973684211,0,212.5789474,1483,39.02631579,8078,212.5789474,0,633,2839,41,659,682,98,592,116,175,248,44,82,44,0.029274784,0.054557552,0.029274784,3,3,18,1.0,5,0,5,5,9,7,11,0.11627907,0.0,0.11627907,0.11627907,0.209302326,0.162790698,0.255813953,138,389,221,26,24,116,0,119,86,0,8,38.112373,14.739974,10.13183,0.0,226.00775,1483.0,39.026318,8078.0,212.57895,0.0,633.0,2839.0,41.0,659.0,682.0,98.0,592.0,116.0,175.0,248.0,44.0,82.0,44.0,0.029274784,0.05455755,0.029274784,1.322326,-650.59814,7.93487,0.7062172,4.7060027,-0.0045715524,5.427492,4.762492,9.4275465,6.7060003,10.560813,0.11056057,0.00012895298,0.12282,0.11047497,0.2153131,0.16825706,0.2498123,138.0,389.0,220.80453,26.01028,24.0,116.0,0.0,119.0,85.67117,-0.0022875746,8.0
38,15,10.07894737,0,214.5263158,1492,39.26315789,8152,214.5263158,0,638,2858,41,682,688,98,598,116,177,252,44,81,44,0.029139073,0.053642384,0.029139073,3,3,18,1.0,3,0,3,3,7,5,9,0.073170732,0.0,0.073170732,0.073170732,0.170731707,0.12195122,0.219512195,138,389,221,26,24,116,0,119,86,0,8,37.5505,14.739974,10.237094,0.0,227.95512,1492.0,39.263157,8152.0,214.52632,0.0,638.0,2858.0,41.0,682.0,688.0,98.0,598.0,116.0,177.0,252.0,44.0,81.0,44.0,0.029139074,0.053642385,0.029139074,1.322326,-650.59814,7.93487,0.7062172,2.7060025,-0.0045715524,3.4274929,2.7031152,7.427547,4.706,8.560812,0.06745224,0.00012895298,0.07971166,0.06736662,0.1767425,0.12741758,0.21351056,138.0,389.0,220.80453,26.0,24.0,116.0,0.0,119.0,85.67117,-0.0022875746,8.0
37,15,10.21621622,0,215.4594595,1445,39.05405405,7972,215.4594595,0,625,2819,40,671,673,92,594,113,161,230,42,78,42,0.028806584,0.053497942,0.028806584,3,3,18,1.0,1,0,1,1,5,3,7,0.026315789,0.0,0.026315789,0.026315789,0.131578947,0.078947368,0.184210526,138,389,221,26,24,116,0,119,86,0,8,36.5505,14.739974,10.374363,0.0,228.88828,1445.0,39.054054,7972.0,215.45946,0.0,625.0,2819.0,40.0,671.0,673.0,92.0,594.0,113.0,161.0,230.0,42.0,78.0,42.0,0.028806584,0.05349794,0.028806584,1.322326,-650.59814,7.93487,0.7062172,0.7060025,-0.0045715524,1.4274927,0.70311534,5.427547,2.7648,6.560813,0.020597292,0.00012895298,0.03285672,0.020511681,0.13758974,0.08441374,0.17820887,138.0,389.0,220.80453,26.013708,24.0,116.0,0.0,119.0,85.67117,-0.0022875746,8.0
42,16,10.76190476,0,208.8571429,1619,38.54761905,8772,208.8571429,0,661,3052,45,681,841,105,648,120,177,261,48,89,48,0.028811525,0.053421369,0.028811525,3,3,18,1.0,1,0,1,1,5,3,7,0.023255814,0.0,0.023255814,0.023255814,0.11627907,0.069767442,0.162790698,138,389,221,26,24,116,0,122,87,0,8,41.438126,15.739974,10.920052,0.0,222.28595,1619.0,38.54762,8772.0,208.85715,0.0,661.0,3052.0,45.0,681.0,841.0,105.0,648.0,120.0,177.0,261.0,48.0,89.0,48.0,0.028811526,0.05342137,0.028811526,1.322326,-389.15906,7.93487,0.7062172,0.7060025,-0.0045715524,1.4274927,0.70311534,5.427547,2.706,6.560813,0.017537316,0.00012895298,0.029796742,0.01745171,0.12228985,0.0752338,0.15678905,138.0,389.0,220.80453,25.996572,24.0,116.0,0.0,122.0,86.67117,-0.0022875746,8.0
38,15,9.684210526,0,202.0263158,1433,37.71052632,7677,202.0263158,0,640,2678,40,624,642,94,578,107,137,225,43,80,43,0.029532967,0.054945055,0.029532967,2,2,12,1.0,0,0,0,0,4,2,6,0.0,0.0,0.0,0.0,0.105263158,0.052631579,0.157894737,138,389,221,26,24,116,0,119,87,0,8,37.438126,14.739974,9.842357,0.0,215.45511,1433.0,37.710526,7677.0,202.02632,0.0,640.0,2678.0,40.0,624.0,642.0,94.0,578.0,107.0,137.0,225.0,43.0,80.0,43.0,0.029532967,0.054945055,0.029532967,0.32232597,-259.43945,1.9348733,0.7062172,-0.29399762,-0.0045715524,0.42749238,-0.29688478,4.4275465,1.7060001,5.560813,-0.005718497,0.00012895298,0.006540931,-0.005804109,0.11127394,0.05809794,0.1518931,138.0,389.0,220.80453,25.98972,24.0,116.0,0.0,119.0,86.67117,-0.0022875746,8.0
42,16,10.0952381,0,205.3333333,1608,38.28571429,8624,205.3333333,0,659,3010,45,681,782,105,642,120,177,261,48,89,48,0.029003021,0.053776435,0.029003021,3,3,18,1.0,1,0,1,1,5,3,7,0.023255814,0.0,0.023255814,0.023255814,0.11627907,0.069767442,0.162790698,138,389,221,26,24,116,0,122,87,0,8,41.438126,15.739974,10.253385,0.0,218.76213,1608.0,38.285713,8624.0,205.33333,0.0,659.0,3010.0,45.0,681.0,782.0,105.0,642.0,120.0,177.0,261.0,48.0,89.0,48.0,0.02900302,0.053776436,0.02900302,1.322326,-389.15906,7.93487,0.7062172,0.7060025,-0.0045715524,1.4274927,0.70311534,5.427547,2.706,6.560813,0.017537316,0.00012895298,0.029796742,0.01745171,0.12228985,0.0752338,0.15678905,138.0,389.0,220.80453,26.003428,24.0,116.0,0.0,122.0,86.67117,-0.0022875746,8.0
44,17,9.568181818,0,199.6818182,1671,37.97727273,8786,199.6818182,0,664,3061,47,695,768,109,651,126,181,269,47,90,47,0.027373326,0.052417006,0.027373326,3,3,18,1.0,1,0,1,1,5,3,7,0.022222222,0.0,0.022222222,0.022222222,0.111111111,0.066666667,0.155555556,138,389,221,26,24,116,0,122,87,0,8,43.438126,16.739973,9.726328,0.0,213.11061,1671.0,37.977272,8786.0,199.68182,0.0,664.0,3061.0,47.0,695.0,768.0,109.0,651.0,126.0,181.0,269.0,47.0,90.0,47.0,0.027373325,0.052417006,0.027373325,1.322326,-650.59814,7.93487,0.7062172,0.7060025,-0.0045715524,1.4274927,0.70311534,5.427547,2.706,6.560813,0.016503725,0.00012895298,0.02876315,0.016418116,0.11712189,0.07213303,0.14955391,138.0,389.0,220.80453,25.982864,24.0,116.0,0.0,122.0,86.67117,-0.0022875746,8.0
43,17,9.325581395,0,198.0,1613,37.51162791,8514,198.0,0,661,2977,46,690,716,107,614,123,178,264,46,88,46,0.027777778,0.053140097,0.027777778,3,3,18,1.0,2,0,2,2,6,4,8,0.044444444,0.0,0.044444444,0.044444444,0.133333333,0.088888889,0.177777778,138,389,221,26,24,116,0,122,87,0,8,42.438126,16.739973,9.483727,0.0,211.4288,1613.0,37.511627,8514.0,198.0,0.0,661.0,2977.0,46.0,690.0,716.0,107.0,614.0,123.0,178.0,264.0,46.0,88.0,46.0,0.027777778,0.053140096,0.027777778,1.322326,-650.59814,7.93487,0.7062172,1.7060022,-0.0045715524,2.4274926,1.703115,6.427547,3.7059996,7.5608125,0.038725942,0.00012895298,0.05098538,0.03864033,0.13934411,0.094355255,0.17177613,138.0,389.0,220.80453,25.996572,24.0,116.0,0.0,122.0,86.67117,-0.0022875746,8.0
43,17,9.302325581,0,197.8372093,1613,37.51162791,8507,197.8372093,0,662,2971,46,690,712,107,614,123,178,264,46,88,46,0.027861902,0.05330103,0.027861902,3,3,18,1.0,2,0,2,2,6,4,8,0.044444444,0.0,0.044444444,0.044444444,0.133333333,0.088888889,0.177777778,138,389,221,26,24,116,0,122,87,0,8,42.438126,16.739973,9.460472,0.0,211.266,1613.0,37.511627,8507.0,197.8372,0.0,662.0,2971.0,46.0,690.0,712.0,107.0,614.0,123.0,178.0,264.0,46.0,88.0,46.0,0.027861902,0.05330103,0.027861902,1.322326,-650.59814,7.93487,0.7062172,1.7060022,-0.0045715524,2.4274926,1.703115,6.427547,3.7059996,7.5608125,0.038725942,0.00012895298,0.05098538,0.03864033,0.13934411,0.094355255,0.17177613,138.0,389.0,220.80453,25.996572,24.0,116.0,0.0,122.0,86.67117,-0.0022875746,8.0
41,16,9.43902439,0,201.2439024,1540,37.56097561,8251,201.2439024,0,648,2904,44,697,680,100,608,116,162,241,43,83,43,0.027423469,0.052933673,0.027423469,3,3,18,1.0,3,0,3,3,7,5,9,0.068181818,0.0,0.068181818,0.068181818,0.159090909,0.113636364,0.204545455,138,389,221,26,24,116,0,121,87,0,8,40.438126,15.739974,9.597171,0.0,214.6727,1540.0,37.560974,8251.0,201.2439,0.0,648.0,2904.0,44.0,697.0,680.0,100.0,608.0,116.0,162.0,241.0,43.0,83.0,43.0,0.02742347,0.052933674,0.02742347,1.322326,-650.59814,7.93487,0.7062172,2.7060025,-0.0045715524,3.4274929,2.7031152,7.427547,4.706,8.560812,0.06246332,0.00012895298,0.07472275,0.06237771,0.16510169,0.11910273,0.1985438,138.0,389.0,220.80453,26.006853,24.0,116.0,0.0,121.0,86.67117,-0.0022875746,8.0
40,16,9.525,0,203.05,1501,37.525,8122,203.05,0,643,2861,43,693,672,98,602,113,161,232,43,82,43,0.028326746,0.054018445,0.028326746,3,3,18,1.0,3,0,3,3,7,5,9,0.069767442,0.0,0.069767442,0.069767442,0.162790698,0.11627907,0.209302326,138,389,221,26,24,116,0,119,87,0,8,39.438126,15.739974,9.683146,0.0,216.4788,1501.0,37.525,8122.0,203.05,0.0,643.0,2861.0,43.0,693.0,672.0,98.0,602.0,113.0,161.0,232.0,43.0,82.0,43.0,0.028326746,0.054018445,0.028326746,1.322326,-650.59814,7.93487,0.7062172,2.7060025,-0.0045715524,3.4274929,2.7031152,7.427547,4.706,8.560812,0.064048946,0.00012895298,0.07630837,0.06396333,0.16880147,0.12174543,0.20330068,138.0,389.0,220.80453,25.98972,24.0,116.0,0.0,119.0,86.67117,-0.0022875746,8.0
40,16,9.55,0,202.9,1501,37.525,8116,202.9,0,645,2857,43,693,671,98,602,113,161,232,43,82,43,0.028364116,0.05408971,0.028364116,3,3,18,1.0,0,0,0,0,4,2,6,0.0,0.0,0.0,0.0,0.1,0.05,0.15,138,389,221,26,24,116,0,119,87,0,8,39.438126,15.739974,9.708146,0.0,216.3288,1501.0,37.525,8116.0,202.9,0.0,645.0,2857.0,43.0,693.0,671.0,98.0,602.0,113.0,161.0,232.0,43.0,82.0,43.0,0.028364116,0.05408971,0.028364116,1.322326,-650.59814,7.93487,0.7062172,-0.29399762,-0.0045715524,0.42749238,-0.29688478,4.4275465,1.7060001,5.560813,-0.005718497,0.00012895298,0.006540931,-0.005804109,0.10601078,0.055466365,0.14399835,138.0,389.0,220.80453,25.98972,24.0,116.0,0.0,119.0,86.67117,-0.0022875746,8.0
40,16,9.575,0,202.825,1501,37.525,8113,202.825,0,642,2863,43,693,676,98,602,113,161,232,43,82,43,0.028401585,0.054161162,0.028401585,3,3,18,1.0,0,0,0,0,4,2,6,0.0,0.0,0.0,0.0,0.1,0.05,0.15,138,389,221,26,24,116,0,119,87,0,8,39.438126,15.739974,9.733147,0.0,216.2538,1501.0,37.525,8113.0,202.825,0.0,642.0,2863.0,43.0,693.0,676.0,98.0,602.0,113.0,161.0,232.0,43.0,82.0,43.0,0.028401585,0.05416116,0.028401585,1.322326,-650.59814,7.93487,0.7062172,-0.29399762,-0.0045715524,0.42749238,-0.29688478,4.4275465,1.7060001,5.560813,-0.005718497,0.00012895298,0.006540931,-0.005804109,0.10601078,0.055466365,0.14399835,138.0,389.0,220.80453,25.98972,24.0,116.0,0.0,119.0,86.67117,-0.0022875746,8.0
35,14,11.68571429,0,187.0571429,1261,36.02857143,6547,187.0571429,0,593,2074,36,480,681,87,422,97,101,192,40,74,40,0.030769231,0.056923077,0.030769231,3,3,18,1.0,0,0,0,0,4,2,5,0.0,0.0,0.0,0.0,0.114285714,0.057142857,0.142857143,137,385,220,26,23,114,0,115,88,0,8,34.438126,13.739974,11.843861,0.0,200.48593,1261.0,36.028572,6547.0,187.05714,0.0,593.0,2074.0,36.0,480.0,681.0,87.0,422.0,97.0,101.0,192.0,40.0,74.0,40.0,0.03076923,0.056923077,0.03076923,1.322326,-127.71973,7.93487,0.7062172,-0.29399762,-0.0045715524,0.42749238,-0.29688478,4.4275465,1.7060001,4.560813,-0.005718497,0.00012895298,0.006540931,-0.005804109,0.12029649,0.06260922,0.1368555,137.0,385.0,219.80453,26.017136,23.0,114.0,0.0,115.0,87.67117,-0.0022875746,8.0
38,15,9.657894737,0,201.7894737,1461,38.44736842,7668,201.7894737,0,646,2675,40,641,629,93,530,106,140,224,53,90,53,0.035029742,0.059484468,0.035029742,5,6,30,1.25,0,0,0,0,4,2,5,0.0,0.0,0.0,0.0,0.105263158,0.052631579,0.131578947,138,389,221,26,24,116,0,117,88,0,8,37.438126,14.739974,9.816041,0.0,215.21828,1461.0,38.44737,7668.0,201.78947,0.0,646.0,2675.0,40.0,641.0,629.0,93.0,530.0,106.0,140.0,224.0,53.0,90.0,53.0,0.035029743,0.059484467,0.035029743,3.322324,528.87854,19.934862,0.95621693,-0.29399762,-0.0045715524,0.42749238,-0.29688478,4.4275465,1.7060001,4.560813,0.0057184943,0.00012895298,0.006540931,1.2549316e-09,0.11127394,0.05809794,0.1255773,138.0,389.0,220.80453,26.017136,24.0,116.0,0.0,117.0,87.67117,-0.0022875746,8.0
35,14,11.71428571,0,188.0857143,1266,36.17142857,6583,188.0857143,0,594,2094,36,489,682,87,423,97,100,192,40,74,40,0.030651341,0.056704981,0.030651341,3,3,18,1.0,1,0,1,1,5,3,6,0.027777778,0.0,0.027777778,0.027777778,0.138888889,0.083333333,0.166666667,137,385,220,26,23,114,0,115,88,0,8,34.438126,13.739974,11.872432,0.0,201.51451,1266.0,36.17143,6583.0,188.08571,0.0,594.0,2094.0,36.0,489.0,682.0,87.0,423.0,97.0,100.0,192.0,40.0,74.0,40.0,0.03065134,0.05670498,0.03065134,1.322326,-258.43933,7.93487,0.7062172,0.7060025,-0.0045715524,1.4274927,0.70311534,5.427547,2.706,5.560813,0.02205928,0.00012895298,0.03431871,0.02197367,0.14489967,0.0887997,0.16066502,137.0,385.0,219.80453,26.017136,23.0,114.0,0.0,115.0,87.67117,-0.0022875746,8.0
35,14,10.17142857,0,180.3428571,1266,36.17142857,6312,180.3428571,0,585,2015,36,489,572,87,423,97,100,192,40,74,40,0.030651341,0.056704981,0.030651341,3,3,18,1.0,0,0,0,0,4,2,5,0.0,0.0,0.0,0.0,0.114285714,0.057142857,0.142857143,137,385,220,26,23,114,0,115,88,0,8,34.438126,13.739974,10.329575,0.0,193.77165,1266.0,36.17143,6312.0,180.34285,0.0,585.0,2015.0,36.0,489.0,572.0,87.0,423.0,97.0,100.0,192.0,40.0,74.0,40.0,0.03065134,0.05670498,0.03065134,1.322326,133.71967,7.93487,0.7062172,-0.29399762,-0.0045715524,0.42749238,-0.29688478,4.4275465,1.7060001,4.560813,-0.005718497,0.00012895298,0.006540931,-0.005804109,0.12029649,0.06260922,0.1368555,137.0,385.0,219.80453,26.017136,23.0,114.0,0.0,115.0,87.67117,-0.0022875746,8.0
35,14,9.828571429,0,178.6285714,1266,36.17142857,6252,178.6285714,0,584,2001,36,489,552,87,423,97,100,192,40,74,40,0.030651341,0.056704981,0.030651341,3,3,18,1.0,0,0,0,0,4,2,5,0.0,0.0,0.0,0.0,0.114285714,0.057142857,0.142857143,137,385,220,26,23,114,0,115,88,0,8,34.438126,13.739974,9.986718,0.0,192.05736,1266.0,36.17143,6252.0,178.62857,0.0,584.0,2001.0,36.0,489.0,552.0,87.0,423.0,97.0,100.0,192.0,40.0,74.0,40.0,0.03065134,0.05670498,0.03065134,1.322326,133.71967,7.93487,0.7062172,-0.29399762,-0.0045715524,0.42749238,-0.29688478,4.4275465,1.7060001,4.560813,-0.005718497,0.00012895298,0.006540931,-0.005804109,0.12029649,0.06260922,0.1368555,137.0,385.0,219.80453,26.017136,23.0,114.0,0.0,115.0,87.67117,-0.0022875746,8.0
36,15,9.805555556,0,175.9166667,1264,35.11111111,6334,180.9714286,0,583,2081,36,487,571,87,422,95,100,192,41,75,41,0.031465848,0.057559478,0.031465848,3,3,18,1.0,2,0,3,2,7,4,8,0.052631579,0.0,0.078947368,0.052631579,0.184210526,0.105263158,0.210526316,137,385,220,26,23,114,0,115,88,0,8,35.438126,14.739974,9.963702,0.0,189.34546,1264.0,35.11111,6334.0,180.97144,0.0,583.0,2081.0,36.0,487.0,571.0,87.0,422.0,95.0,100.0,192.0,41.0,75.0,41.0,0.031465847,0.05755948,0.031465847,1.322326,-389.15906,7.93487,0.7062172,1.7060022,-0.0045715524,3.4274929,1.703115,7.427547,3.7059996,7.5608125,0.046913076,0.00012895298,0.0854883,0.046827465,0.19022131,0.11072952,0.20452467,137.0,385.0,219.80453,26.017136,23.0,114.0,0.0,115.0,87.67117,-0.0022875746,8.0
36,15,10.0,0,183.4722222,1321,36.69444444,6605,183.4722222,0,598,2172,37,513,591,89,441,95,107,192,43,79,43,0.031548056,0.057960382,0.031548056,4,5,24,1.333333333,0,0,0,0,4,2,5,0.0,0.0,0.0,0.0,0.111111111,0.055555556,0.138888889,137,378,219,26,21,110,0,113,88,0,8,35.438126,14.739974,10.158147,0.0,196.90102,1321.0,36.694443,6605.0,183.47223,0.0,598.0,2172.0,37.0,513.0,591.0,89.0,441.0,95.0,107.0,192.0,43.0,79.0,43.0,0.031548057,0.057960384,0.031548057,2.322324,4.9999995,13.934862,1.0395503,-0.29399762,-0.0045715524,0.42749238,-0.29688478,4.4275465,1.7060001,4.560813,-0.005718497,0.00012895298,0.006540931,-0.005804109,0.11712189,0.06102192,0.13288724,137.0,378.0,218.80453,26.003428,21.0,110.0,0.0,113.0,87.67117,-0.0022875746,8.0
37,15,9.891891892,0,182.8108108,1361,36.78378378,6764,182.8108108,0,612,2212,38,520,609,91,467,97,108,198,51,87,51,0.036144578,0.061658398,0.036144578,5,6,30,1.25,0,0,0,0,4,2,5,0.0,0.0,0.0,0.0,0.108108108,0.054054054,0.135135135,138,378,219,26,21,110,0,114,88,0,8,36.438126,14.739974,10.050038,0.0,196.23961,1361.0,36.783783,6764.0,182.8108,0.0,612.0,2212.0,38.0,520.0,609.0,91.0,467.0,97.0,108.0,198.0,51.0,87.0,51.0,0.036144577,0.061658397,0.036144577,3.322324,659.5981,19.934862,0.95621693,-0.29399762,-0.0045715524,0.42749238,-0.29688478,4.4275465,1.7060001,4.560813,-0.005718497,0.00012895298,0.006540931,-0.005804109,0.11411888,0.0562406,0.1291335,138.0,378.0,218.80453,26.003428,21.0,110.0,0.0,114.0,87.67117,-0.0022875746,8.0
38,15,10.07894737,0,187.6315789,1416,37.26315789,7130,187.6315789,0,622,2367,40,543,645,93,492,105,121,214,51,88,51,0.03478854,0.060027285,0.03478854,5,6,30,1.25,0,0,0,0,4,2,6,0.0,0.0,0.0,0.0,0.105263158,0.052631579,0.157894737,138,389,221,26,24,116,0,116,88,0,8,38.0,14.739974,10.237094,0.0,201.06038,1416.0,37.263157,7130.0,187.63158,0.0,622.0,2367.0,40.0,543.0,645.0,93.0,492.0,105.0,121.0,214.0,51.0,88.0,51.0,0.03478854,0.060027286,0.03478854,3.322324,659.5981,19.934862,0.95621693,-0.29399762,-0.0045715524,0.42749238,-0.29688478,4.4275465,1.7060001,5.560813,-0.005718497,0.00012895298,0.006540931,-0.005804109,0.11127394,0.05809794,0.1518931,138.0,389.0,220.80453,26.017136,24.0,116.0,0.0,116.0,87.67117,-0.0022875746,8.0
38,15,9.736842105,0,198.2105263,1440,37.89473684,7532,198.2105263,0,624,2614,40,639,628,93,522,105,129,219,50,87,50,0.033579584,0.058428475,0.033579584,5,6,30,1.25,0,0,0,0,4,2,5,0.0,0.0,0.0,0.0,0.105263158,0.052631579,0.131578947,138,389,221,26,24,116,0,116,88,0,8,37.438126,14.739974,9.894988,0.0,211.63933,1440.0,37.894737,7532.0,198.21053,0.0,624.0,2614.0,40.0,639.0,628.0,93.0,522.0,105.0,129.0,219.0,50.0,87.0,50.0,0.033579584,0.058428474,0.033579584,3.322324,659.5981,19.934862,0.95621693,-0.29399762,-0.0045715524,0.42749238,-0.29688478,4.4275465,1.7060001,4.560813,-0.0022874004,0.00012895298,0.006540931,-0.005804109,0.11127394,0.05809794,0.1255773,138.0,389.0,220.80453,26.017136,24.0,116.0,0.0,116.0,87.67117,-0.0022875746,8.0
